Station;DEM;Slope;Fraction_Forest;Imperv_500m;Imperv_1000m;Imperv_2000m;Imperv_3000m;Flusskilometer;Gesamtlänge Fluss;upstream_km;Kommentar
Rhone_a_Roquemaure;77.99;2.74;NA;5.130635246;2.268679632;3.112297414;3.919008382;109;812;703;Berechnet mit Shapefiles
Le_Lot_a_St_Pierre_Toirac;338.8;7.16;NA;0;0.043745203;0.10650131;0.102284188;234;485;251;Berechnet mit Shapefiles
Le_Gardon_de_Saint-Jean_a_Thoiras;300.74;9.45;NA;0.035240041;0.422929448;1.224209012;0.849010639;1;49;48;Berechnet mit Shapefiles
LArdeche_a_Saint-Julien_de_Peyrolas;582.99;12.75;NA;1.150510204;0.549194991;0.632672951;2.545393849;6.87;125.1;118.23;Berechnet mit Shapefiles
La_Loire_a_Saint_Satur;203.45;2.38;NA;5.303186023;6.508321598;3.212466038;2.770571104;493;1006;513;Berechnet mit Shapefiles
La_Loire_a_Montjean-sur-Loire;64.21;1.81;NA;13.02451481;11.00038358;5.351572488;4.375321392;113;1006;893;Berechnet mit Shapefiles
Herault_a_Florensac;367.38;9.13;NA;2.35255102;1.532200358;7.153231477;8.982633216;17.6;148;130.4;Berechnet mit Shapefiles
Esteron_au_Broc_La_Clave;921.05;19.74;NA;0;0;0.209876938;0.267276524;5.2;66;60.8;Berechnet mit Shapefiles
Ariege_au_Vernet;652.51;11.89;NA;2.913422131;1.254252462;1.24718742;1.180800591;51.7;163;111.3;Berechnet mit Shapefiles
Wuerm_Leutstetten;635.6974;1.471855;37.3009856;1.500765697;1.788982618;1.409672058;2.926575662;35.7;76.5;40.8;Steihnbach + Starnberger See + Würm
Wern_Sachsenheim;283.2765;2.156402;17.09331131;0.235955056;1.622795809;3.183625208;3.178028097;1.85;71.44;69.59;
Vils_Grafenmuehle;441.4282;1.53852;12.36273468;0.557770961;1.615025575;2.93493895;4.425232251;4.8;128.9;124.1;mit gr. Vils
Tiroler_Achen_Staudach;1136.272;14.12305;57.47785305;22.64642857;15.5075332;8.149185043;5.668944258;9.25;79;69.75;Achtung, Quelle Wikipedia
Saechsische_Saale_Hof;579.5568;2.170139;30.8056872;58.31147541;43.66581372;37.9412122;25.32073502;391;413;22;https://www.fgg-elbe.de/files/Download-Archive/Fachberichte/Allgemein/Fliessgw2015.pdf
Saalach_Unterjettenberg;1275.209;17.03547;62.01796091;0.267967146;0.445532514;0.205878592;0.380222762;26;105.43;79.43;
Rott_Ruhstorf;443.8126;1.68501;8.970177074;12.03589744;14.81453987;8.856909945;6.945433365;11.16;111.94;100.78;
Regnitz_Pettstadt;403.1001;2.135951;36.98713584;1.185867896;8.229795396;6.424614844;5.157167616;13.96;189.1;175.14;mit Rednitz
Regen_Marienthal;595.7262;4.777156;52.54448058;0;0;0.421109833;0.874163624;29.54;190.9;161.36;mit Gr Regen
Paar_Manching_Ort;455.1532;1.145985;16.06966159;59.6195097;34.66760383;17.32522612;14.26410887;12.1;134.42;122.32;
Naab_Unterkoeblitz;512.8285;2.287172;45.05864737;15.54322251;17.78636305;11.4875;5.934102305;87.03;196.6;109.57;Mit Waldnaab
Naab_Heitzenhofen;503.7979;2.574227;45.93624948;1.047179487;1.848938347;0.99571666;0.936104324;17;196.6;179.6;'
Mindel_Offingen;594.1245;1.630371;21.17990965;21.27462991;15.58609229;8.858619918;5.131074305;3.19;90.2;87.01; mit Wörthbach – Flossach
Mangfall_Rosenheim;804.5901;6.370633;50.11317338;49.91067762;47.4484259;35.71916757;27.85170057;1.89;84.4;82.51;mit Tegernsee und Weißach
Main_Wuerzburg;391.5474;2.477238;35.92125675;69.43025038;63.77453361;41.09821657;31.01438941;251.97;573;321.03;Hauptsrang über Regnitz
Main_Steinbach;383.7538;2.668571;36.57539788;8.688364941;7.198095116;5.252197679;6.152804807;200.52;573;372.48;
Main_Schwuerbitz;486.8345;3.600842;43.87493593;16.96586857;9.692582663;5.605740036;6.854905387;438.29;573;134.71;
Main_Schweinfurt;404.3852;2.555879;38.28254193;64.11105451;68.4067288;50.44328859;33.22803989;330.78;573;242.22;
Main_Mainleus;482.3592;3.335907;34.48932121;24.91846154;16.49923254;6.855110912;4.416815819;461.14;573;111.86;
Main_Krotzenburg;368.2216;2.834866;37.32238745;15.18093782;26.62600536;25.58504586;20.13569206;63.23;573;509.77;
Main_Kleinheubach;378.1884;2.780766;36.43738813;18.8696209;27.78612532;21.33010516;12.55034234;121.74;573;451.26;
Main_Kemmern;433.954;3.26669;40.65131618;24.27165556;13.02833205;4.874928064;7.958384237;390.93;573;182.07;
Main_Frankfurt_Osthafen;361.5974;2.830371;37.40486487;32.41453429;46.35306905;47.5619486;48.65932208;37.59;573;535.41;
Lech_Augsburg_Hochablass;1212.364;11.2914;32.64689212;3.268230495;9.442621905;15.76987856;21.21767572;49.4;256;206.6;50.4 bei Haunstetten, 49.4 Schätzwert Hochablass
Itz_Schenkenau;382.9461;2.798726;34.84139366;0;4.777308775;3.840515312;2.133075743;20.9;80;59.1;
Isar_Muenchen;1127.934;12.42833;54.53856517;39.37512794;40.86054248;54.42175762;55.67095936;145.92;292.26;146.34;
Isar_Mittenwald;1624.479;19.69886;45.67126725;32.25229826;28.14066692;11.78253228;6.115553977;257.51;292.26;34.75;
Inn_Wasserburg;1668.082;16.31765;35.48278968;37.0444558;20.94740542;13.18738215;7.470702293;158.67;517;358.33;
Inn_Passau_Ingling;1256.361;12.49734;35.3254813;50.07139202;29.20806699;25.47938375;21.49965907;3.1;517;513.9;
Inn_Oberaudorf;1895.311;18.96782;34.48694126;9.431713555;5.643423746;7.779525042;6.9216164;211;517;306;
Ilz_Kalteneck;711.0657;4.602057;46.432031;8.911689638;2.565017261;2.185220699;3.428953948;18.8;69.4;50.6;Haupt­strang See­bach → Große Ohe → Ilz
Iller_Wiblingen;902.9049;6.588872;25.96418733;5.269507187;6.57771092;17.90729493;24.65930272;2.1;147;144.9;
Iller_Kempten;1181.416;12.33474;31.28881988;46.73694985;50.88100716;36.79147889;25.51205256;102.69;147;44.31;
Guenz_Waldstetten;637.9862;1.858644;20.55303343;8.80245023;7.807088123;5.670331075;5.572437209;14.8;86.72;71.92;Günz + Westliche Günz (Haupstrang)
Fraenkische_Saale_Wolfsmuenster;372.9659;3.180969;37.54834173;2.06741573;1.993609407;1.357362012;0.843532052;6.9;152.8;145.9;mit Milz
Fraenkische_Saale_Salz;393.2423;2.9808;29.23296129;1.055299539;11.06445837;17.79474845;13.60917899;94.3;152.8;58.5;mit Milz
Donau_Schwabelweis;622.3741;3.250321;33.20298689;32.50868233;44.05980831;44.60592164;39.87389729;2376.49;2857;480.51;mit Breg
Donau_Neu-Ulm;753.4133;3.6993;33.91264277;35.84354262;44.20764608;48.92832715;40.74541193;2581.54;2857;275.46;mit Breg
Donau_Ingolstadt_Luitpoldstr.;714.751;3.714056;29.46088467;23.09851206;38.47509922;44.03983249;40.64146896;2457.85;2857;399.15;mit Breg
Donau_Donauwoerth;651.5806;2.74728;29.87588196;5.923824131;10.64872123;11.60721363;12.38163894;2508.13;2857;348.87;mit Breg
Ammer_Weilheim;880.2193;6.514027;43.58974359;43.82823649;37.6946253;25.35680271;12.69121052;128.3;210.12;81.82;Gesamtlänge + Gebirgsbäche
Alz_Seebruck;982.3709;11.14967;49.65565954;19.72546012;8.99309816;3.159262337;2.064829545;62.56;150;87.44;Mit Chiemsee und Achen
Alz_Burgkirchen;873.8497;8.953976;45.49438202;58.93060498;63.52859696;54.50690338;36.97295378;15.39;150;134.61;
Alz_Altenmarkt_o.d._Traun;935.6776;10.07285;47.03383163;21.03789042;13.38566859;7.951067502;7.644584304;45.33;150;104.67;
Altmuehl_Beilngries_o.d._Sulz;484.3912;2.131528;30.80116697;29.44191402;22.55870316;10.80226314;5.682292776;42.3;230.2;187.9;