Area,ISO 3 code,Date,Area type,Continent,Ember region,EU,OECD,G20,G7,ASEAN,Category,Subcategory,Variable,Unit,Value,YoY absolute change,YoY % change
Germany,DEU,2015-01-01,Country or economy,Europe,Europe,1.0,1.0,1.0,1.0,0.0,Electricity generation,Aggregate fuel,Fossil,%,54.69,,
Germany,DEU,2015-02-01,Country or economy,Europe,Europe,1.0,1.0,1.0,1.0,0.0,Electricity generation,Aggregate fuel,Fossil,%,61.41,,
Germany,DEU,2015-03-01,Country or economy,Europe,Europe,1.0,1.0,1.0,1.0,0.0,Electricity generation,Aggregate fuel,Fossil,%,55.72,,
Germany,DEU,2015-04-01,Country or economy,Europe,Europe,1.0,1.0,1.0,1.0,0.0,Electricity generation,Aggregate fuel,Fossil,%,50.86,,
Germany,DEU,2015-05-01,Country or economy,Europe,Europe,1.0,1.0,1.0,1.0,0.0,Electricity generation,Aggregate fuel,Fossil,%,45.5,,
Germany,DEU,2015-06-01,Country or economy,Europe,Europe,1.0,1.0,1.0,1.0,0.0,Electricity generation,Aggregate fuel,Fossil,%,50.14,,
Germany,DEU,2015-07-01,Country or economy,Europe,Europe,1.0,1.0,1.0,1.0,0.0,Electricity generation,Aggregate fuel,Fossil,%,52.79,,
Germany,DEU,2015-08-01,Country or economy,Europe,Europe,1.0,1.0,1.0,1.0,0.0,Electricity generation,Aggregate fuel,Fossil,%,52.19,,
Germany,DEU,2015-09-01,Country or economy,Europe,Europe,1.0,1.0,1.0,1.0,0.0,Electricity generation,Aggregate fuel,Fossil,%,55.19,,
Germany,DEU,2015-10-01,Country or economy,Europe,Europe,1.0,1.0,1.0,1.0,0.0,Electricity generation,Aggregate fuel,Fossil,%,64.76,,
Germany,DEU,2015-11-01,Country or economy,Europe,Europe,1.0,1.0,1.0,1.0,0.0,Electricity generation,Aggregate fuel,Fossil,%,55.46,,
Germany,DEU,2015-12-01,Country or economy,Europe,Europe,1.0,1.0,1.0,1.0,0.0,Electricity generation,Aggregate fuel,Fossil,%,53.48,,
Germany,DEU,2016-01-01,Country or economy,Europe,Europe,1.0,1.0,1.0,1.0,0.0,Electricity generation,Aggregate fuel,Fossil,%,58.31,,
Germany,DEU,2016-02-01,Country or economy,Europe,Europe,1.0,1.0,1.0,1.0,0.0,Electricity generation,Aggregate fuel,Fossil,%,52.81,,
Germany,DEU,2016-03-01,Country or economy,Europe,Europe,1.0,1.0,1.0,1.0,0.0,Electricity generation,Aggregate fuel,Fossil,%,56.44,,
Germany,DEU,2016-04-01,Country or economy,Europe,Europe,1.0,1.0,1.0,1.0,0.0,Electricity generation,Aggregate fuel,Fossil,%,53.49,,
Germany,DEU,2016-05-01,Country or economy,Europe,Europe,1.0,1.0,1.0,1.0,0.0,Electricity generation,Aggregate fuel,Fossil,%,49.96,,
Germany,DEU,2016-06-01,Country or economy,Europe,Europe,1.0,1.0,1.0,1.0,0.0,Electricity generation,Aggregate fuel,Fossil,%,52.08,,
Germany,DEU,2016-07-01,Country or economy,Europe,Europe,1.0,1.0,1.0,1.0,0.0,Electricity generation,Aggregate fuel,Fossil,%,49.79,,
Germany,DEU,2016-08-01,Country or economy,Europe,Europe,1.0,1.0,1.0,1.0,0.0,Electricity generation,Aggregate fuel,Fossil,%,50.83,,
Germany,DEU,2016-09-01,Country or economy,Europe,Europe,1.0,1.0,1.0,1.0,0.0,Electricity generation,Aggregate fuel,Fossil,%,57.17,,
Germany,DEU,2016-10-01,Country or economy,Europe,Europe,1.0,1.0,1.0,1.0,0.0,Electricity generation,Aggregate fuel,Fossil,%,60.65,,
Germany,DEU,2016-11-01,Country or economy,Europe,Europe,1.0,1.0,1.0,1.0,0.0,Electricity generation,Aggregate fuel,Fossil,%,59.6,,
Germany,DEU,2016-12-01,Country or economy,Europe,Europe,1.0,1.0,1.0,1.0,0.0,Electricity generation,Aggregate fuel,Fossil,%,60.76,,
Germany,DEU,2017-01-01,Country or economy,Europe,Europe,1.0,1.0,1.0,1.0,0.0,Electricity generation,Aggregate fuel,Fossil,%,66.11,,
Germany,DEU,2017-02-01,Country or economy,Europe,Europe,1.0,1.0,1.0,1.0,0.0,Electricity generation,Aggregate fuel,Fossil,%,58.24,,
Germany,DEU,2017-03-01,Country or economy,Europe,Europe,1.0,1.0,1.0,1.0,0.0,Electricity generation,Aggregate fuel,Fossil,%,54.39,,
Germany,DEU,2017-04-01,Country or economy,Europe,Europe,1.0,1.0,1.0,1.0,0.0,Electricity generation,Aggregate fuel,Fossil,%,52.51,,
Germany,DEU,2017-05-01,Country or economy,Europe,Europe,1.0,1.0,1.0,1.0,0.0,Electricity generation,Aggregate fuel,Fossil,%,51.51,,
Germany,DEU,2017-06-01,Country or economy,Europe,Europe,1.0,1.0,1.0,1.0,0.0,Electricity generation,Aggregate fuel,Fossil,%,45.78,,
Germany,DEU,2017-07-01,Country or economy,Europe,Europe,1.0,1.0,1.0,1.0,0.0,Electricity generation,Aggregate fuel,Fossil,%,51.64,,
Germany,DEU,2017-08-01,Country or economy,Europe,Europe,1.0,1.0,1.0,1.0,0.0,Electricity generation,Aggregate fuel,Fossil,%,47.32,,
Germany,DEU,2017-09-01,Country or economy,Europe,Europe,1.0,1.0,1.0,1.0,0.0,Electricity generation,Aggregate fuel,Fossil,%,51.79,,
Germany,DEU,2017-10-01,Country or economy,Europe,Europe,1.0,1.0,1.0,1.0,0.0,Electricity generation,Aggregate fuel,Fossil,%,45.1,,
Germany,DEU,2017-11-01,Country or economy,Europe,Europe,1.0,1.0,1.0,1.0,0.0,Electricity generation,Aggregate fuel,Fossil,%,55.06,,
Germany,DEU,2017-12-01,Country or economy,Europe,Europe,1.0,1.0,1.0,1.0,0.0,Electricity generation,Aggregate fuel,Fossil,%,47.58,,
Germany,DEU,2018-01-01,Country or economy,Europe,Europe,1.0,1.0,1.0,1.0,0.0,Electricity generation,Aggregate fuel,Fossil,%,47.63,,
Germany,DEU,2018-02-01,Country or economy,Europe,Europe,1.0,1.0,1.0,1.0,0.0,Electricity generation,Aggregate fuel,Fossil,%,58.36,,
Germany,DEU,2018-03-01,Country or economy,Europe,Europe,1.0,1.0,1.0,1.0,0.0,Electricity generation,Aggregate fuel,Fossil,%,52.71,,
Germany,DEU,2018-04-01,Country or economy,Europe,Europe,1.0,1.0,1.0,1.0,0.0,Electricity generation,Aggregate fuel,Fossil,%,45.18,,
Germany,DEU,2018-05-01,Country or economy,Europe,Europe,1.0,1.0,1.0,1.0,0.0,Electricity generation,Aggregate fuel,Fossil,%,44.83,,
Germany,DEU,2018-06-01,Country or economy,Europe,Europe,1.0,1.0,1.0,1.0,0.0,Electricity generation,Aggregate fuel,Fossil,%,49.01,,
Germany,DEU,2018-07-01,Country or economy,Europe,Europe,1.0,1.0,1.0,1.0,0.0,Electricity generation,Aggregate fuel,Fossil,%,52.95,,
Germany,DEU,2018-08-01,Country or economy,Europe,Europe,1.0,1.0,1.0,1.0,0.0,Electricity generation,Aggregate fuel,Fossil,%,50.84,,
Germany,DEU,2018-09-01,Country or economy,Europe,Europe,1.0,1.0,1.0,1.0,0.0,Electricity generation,Aggregate fuel,Fossil,%,50.17,,
Germany,DEU,2018-10-01,Country or economy,Europe,Europe,1.0,1.0,1.0,1.0,0.0,Electricity generation,Aggregate fuel,Fossil,%,51.2,,
Germany,DEU,2018-11-01,Country or economy,Europe,Europe,1.0,1.0,1.0,1.0,0.0,Electricity generation,Aggregate fuel,Fossil,%,56.05,,
Germany,DEU,2018-12-01,Country or economy,Europe,Europe,1.0,1.0,1.0,1.0,0.0,Electricity generation,Aggregate fuel,Fossil,%,46.9,,
Germany,DEU,2019-01-01,Country or economy,Europe,Europe,1.0,1.0,1.0,1.0,0.0,Electricity generation,Aggregate fuel,Fossil,%,50.79,,
Germany,DEU,2019-02-01,Country or economy,Europe,Europe,1.0,1.0,1.0,1.0,0.0,Electricity generation,Aggregate fuel,Fossil,%,50.28,,
Germany,DEU,2019-03-01,Country or economy,Europe,Europe,1.0,1.0,1.0,1.0,0.0,Electricity generation,Aggregate fuel,Fossil,%,37.87,,
Germany,DEU,2019-04-01,Country or economy,Europe,Europe,1.0,1.0,1.0,1.0,0.0,Electricity generation,Aggregate fuel,Fossil,%,44.76,,
Germany,DEU,2019-05-01,Country or economy,Europe,Europe,1.0,1.0,1.0,1.0,0.0,Electricity generation,Aggregate fuel,Fossil,%,45.32,,
Germany,DEU,2019-06-01,Country or economy,Europe,Europe,1.0,1.0,1.0,1.0,0.0,Electricity generation,Aggregate fuel,Fossil,%,42.41,,
Germany,DEU,2019-07-01,Country or economy,Europe,Europe,1.0,1.0,1.0,1.0,0.0,Electricity generation,Aggregate fuel,Fossil,%,47.12,,
Germany,DEU,2019-08-01,Country or economy,Europe,Europe,1.0,1.0,1.0,1.0,0.0,Electricity generation,Aggregate fuel,Fossil,%,47.68,,
Germany,DEU,2019-09-01,Country or economy,Europe,Europe,1.0,1.0,1.0,1.0,0.0,Electricity generation,Aggregate fuel,Fossil,%,45.29,,
Germany,DEU,2019-10-01,Country or economy,Europe,Europe,1.0,1.0,1.0,1.0,0.0,Electricity generation,Aggregate fuel,Fossil,%,47.13,,
Germany,DEU,2019-11-01,Country or economy,Europe,Europe,1.0,1.0,1.0,1.0,0.0,Electricity generation,Aggregate fuel,Fossil,%,53.64,,
Germany,DEU,2019-12-01,Country or economy,Europe,Europe,1.0,1.0,1.0,1.0,0.0,Electricity generation,Aggregate fuel,Fossil,%,42.48,,
Germany,DEU,2020-01-01,Country or economy,Europe,Europe,1.0,1.0,1.0,1.0,0.0,Electricity generation,Aggregate fuel,Fossil,%,46.68,,
Germany,DEU,2020-02-01,Country or economy,Europe,Europe,1.0,1.0,1.0,1.0,0.0,Electricity generation,Aggregate fuel,Fossil,%,36.63,,
Germany,DEU,2020-03-01,Country or economy,Europe,Europe,1.0,1.0,1.0,1.0,0.0,Electricity generation,Aggregate fuel,Fossil,%,41.14,,
Germany,DEU,2020-04-01,Country or economy,Europe,Europe,1.0,1.0,1.0,1.0,0.0,Electricity generation,Aggregate fuel,Fossil,%,38.56,,
Germany,DEU,2020-05-01,Country or economy,Europe,Europe,1.0,1.0,1.0,1.0,0.0,Electricity generation,Aggregate fuel,Fossil,%,36.93,,
Germany,DEU,2020-06-01,Country or economy,Europe,Europe,1.0,1.0,1.0,1.0,0.0,Electricity generation,Aggregate fuel,Fossil,%,41.55,,
Germany,DEU,2020-07-01,Country or economy,Europe,Europe,1.0,1.0,1.0,1.0,0.0,Electricity generation,Aggregate fuel,Fossil,%,40.98,,
Germany,DEU,2020-08-01,Country or economy,Europe,Europe,1.0,1.0,1.0,1.0,0.0,Electricity generation,Aggregate fuel,Fossil,%,41.67,,
Germany,DEU,2020-09-01,Country or economy,Europe,Europe,1.0,1.0,1.0,1.0,0.0,Electricity generation,Aggregate fuel,Fossil,%,48.25,,
Germany,DEU,2020-10-01,Country or economy,Europe,Europe,1.0,1.0,1.0,1.0,0.0,Electricity generation,Aggregate fuel,Fossil,%,43.85,,
Germany,DEU,2020-11-01,Country or economy,Europe,Europe,1.0,1.0,1.0,1.0,0.0,Electricity generation,Aggregate fuel,Fossil,%,52.69,,
Germany,DEU,2020-12-01,Country or economy,Europe,Europe,1.0,1.0,1.0,1.0,0.0,Electricity generation,Aggregate fuel,Fossil,%,50.91,,
Germany,DEU,2021-01-01,Country or economy,Europe,Europe,1.0,1.0,1.0,1.0,0.0,Electricity generation,Aggregate fuel,Fossil,%,53.62,,
Germany,DEU,2021-02-01,Country or economy,Europe,Europe,1.0,1.0,1.0,1.0,0.0,Electricity generation,Aggregate fuel,Fossil,%,47.73,,
Germany,DEU,2021-03-01,Country or economy,Europe,Europe,1.0,1.0,1.0,1.0,0.0,Electricity generation,Aggregate fuel,Fossil,%,45.99,,
Germany,DEU,2021-04-01,Country or economy,Europe,Europe,1.0,1.0,1.0,1.0,0.0,Electricity generation,Aggregate fuel,Fossil,%,44.41,,
Germany,DEU,2021-05-01,Country or economy,Europe,Europe,1.0,1.0,1.0,1.0,0.0,Electricity generation,Aggregate fuel,Fossil,%,36.22,,
Germany,DEU,2021-06-01,Country or economy,Europe,Europe,1.0,1.0,1.0,1.0,0.0,Electricity generation,Aggregate fuel,Fossil,%,45.96,,
Germany,DEU,2021-07-01,Country or economy,Europe,Europe,1.0,1.0,1.0,1.0,0.0,Electricity generation,Aggregate fuel,Fossil,%,43.26,,
Germany,DEU,2021-08-01,Country or economy,Europe,Europe,1.0,1.0,1.0,1.0,0.0,Electricity generation,Aggregate fuel,Fossil,%,40.35,,
Germany,DEU,2021-09-01,Country or economy,Europe,Europe,1.0,1.0,1.0,1.0,0.0,Electricity generation,Aggregate fuel,Fossil,%,51.46,,
Germany,DEU,2021-10-01,Country or economy,Europe,Europe,1.0,1.0,1.0,1.0,0.0,Electricity generation,Aggregate fuel,Fossil,%,44.47,,
Germany,DEU,2021-11-01,Country or economy,Europe,Europe,1.0,1.0,1.0,1.0,0.0,Electricity generation,Aggregate fuel,Fossil,%,55.11,,
Germany,DEU,2021-12-01,Country or economy,Europe,Europe,1.0,1.0,1.0,1.0,0.0,Electricity generation,Aggregate fuel,Fossil,%,52.05,,
Germany,DEU,2022-01-01,Country or economy,Europe,Europe,1.0,1.0,1.0,1.0,0.0,Electricity generation,Aggregate fuel,Fossil,%,50.52,,
Germany,DEU,2022-02-01,Country or economy,Europe,Europe,1.0,1.0,1.0,1.0,0.0,Electricity generation,Aggregate fuel,Fossil,%,39.02,,
Germany,DEU,2022-03-01,Country or economy,Europe,Europe,1.0,1.0,1.0,1.0,0.0,Electricity generation,Aggregate fuel,Fossil,%,54.72,,
Germany,DEU,2022-04-01,Country or economy,Europe,Europe,1.0,1.0,1.0,1.0,0.0,Electricity generation,Aggregate fuel,Fossil,%,44.31,,
Germany,DEU,2022-05-01,Country or economy,Europe,Europe,1.0,1.0,1.0,1.0,0.0,Electricity generation,Aggregate fuel,Fossil,%,44.79,,
Germany,DEU,2022-06-01,Country or economy,Europe,Europe,1.0,1.0,1.0,1.0,0.0,Electricity generation,Aggregate fuel,Fossil,%,47.84,,
Germany,DEU,2022-07-01,Country or economy,Europe,Europe,1.0,1.0,1.0,1.0,0.0,Electricity generation,Aggregate fuel,Fossil,%,45.84,,
Germany,DEU,2022-08-01,Country or economy,Europe,Europe,1.0,1.0,1.0,1.0,0.0,Electricity generation,Aggregate fuel,Fossil,%,51.61,,
Germany,DEU,2022-09-01,Country or economy,Europe,Europe,1.0,1.0,1.0,1.0,0.0,Electricity generation,Aggregate fuel,Fossil,%,50.57,,
Germany,DEU,2022-10-01,Country or economy,Europe,Europe,1.0,1.0,1.0,1.0,0.0,Electricity generation,Aggregate fuel,Fossil,%,46.41,,
Germany,DEU,2022-11-01,Country or economy,Europe,Europe,1.0,1.0,1.0,1.0,0.0,Electricity generation,Aggregate fuel,Fossil,%,49.99,,
Germany,DEU,2022-12-01,Country or economy,Europe,Europe,1.0,1.0,1.0,1.0,0.0,Electricity generation,Aggregate fuel,Fossil,%,54.94,,
Germany,DEU,2023-01-01,Country or economy,Europe,Europe,1.0,1.0,1.0,1.0,0.0,Electricity generation,Aggregate fuel,Fossil,%,48.19,,
Germany,DEU,2023-02-01,Country or economy,Europe,Europe,1.0,1.0,1.0,1.0,0.0,Electricity generation,Aggregate fuel,Fossil,%,52.34,,
Germany,DEU,2023-03-01,Country or economy,Europe,Europe,1.0,1.0,1.0,1.0,0.0,Electricity generation,Aggregate fuel,Fossil,%,44.24,,
Germany,DEU,2023-04-01,Country or economy,Europe,Europe,1.0,1.0,1.0,1.0,0.0,Electricity generation,Aggregate fuel,Fossil,%,43.53,,
Germany,DEU,2023-05-01,Country or economy,Europe,Europe,1.0,1.0,1.0,1.0,0.0,Electricity generation,Aggregate fuel,Fossil,%,37.65,,
Germany,DEU,2023-06-01,Country or economy,Europe,Europe,1.0,1.0,1.0,1.0,0.0,Electricity generation,Aggregate fuel,Fossil,%,40.63,,
Germany,DEU,2023-07-01,Country or economy,Europe,Europe,1.0,1.0,1.0,1.0,0.0,Electricity generation,Aggregate fuel,Fossil,%,35.52,,
Germany,DEU,2023-08-01,Country or economy,Europe,Europe,1.0,1.0,1.0,1.0,0.0,Electricity generation,Aggregate fuel,Fossil,%,42.72,,
Germany,DEU,2023-09-01,Country or economy,Europe,Europe,1.0,1.0,1.0,1.0,0.0,Electricity generation,Aggregate fuel,Fossil,%,44.69,,
Germany,DEU,2023-10-01,Country or economy,Europe,Europe,1.0,1.0,1.0,1.0,0.0,Electricity generation,Aggregate fuel,Fossil,%,43.58,,
Germany,DEU,2023-11-01,Country or economy,Europe,Europe,1.0,1.0,1.0,1.0,0.0,Electricity generation,Aggregate fuel,Fossil,%,45.4,,
Germany,DEU,2023-12-01,Country or economy,Europe,Europe,1.0,1.0,1.0,1.0,0.0,Electricity generation,Aggregate fuel,Fossil,%,43.44,,
Germany,DEU,2024-01-01,Country or economy,Europe,Europe,1.0,1.0,1.0,1.0,0.0,Electricity generation,Aggregate fuel,Fossil,%,43.93,,
Germany,DEU,2024-02-01,Country or economy,Europe,Europe,1.0,1.0,1.0,1.0,0.0,Electricity generation,Aggregate fuel,Fossil,%,39.88,,
Germany,DEU,2024-03-01,Country or economy,Europe,Europe,1.0,1.0,1.0,1.0,0.0,Electricity generation,Aggregate fuel,Fossil,%,42.83,,
Germany,DEU,2024-04-01,Country or economy,Europe,Europe,1.0,1.0,1.0,1.0,0.0,Electricity generation,Aggregate fuel,Fossil,%,35.53,,
Germany,DEU,2024-05-01,Country or economy,Europe,Europe,1.0,1.0,1.0,1.0,0.0,Electricity generation,Aggregate fuel,Fossil,%,34.97,,
Germany,DEU,2024-06-01,Country or economy,Europe,Europe,1.0,1.0,1.0,1.0,0.0,Electricity generation,Aggregate fuel,Fossil,%,36.07,,
Germany,DEU,2024-07-01,Country or economy,Europe,Europe,1.0,1.0,1.0,1.0,0.0,Electricity generation,Aggregate fuel,Fossil,%,35.49,,
Germany,DEU,2024-08-01,Country or economy,Europe,Europe,1.0,1.0,1.0,1.0,0.0,Electricity generation,Aggregate fuel,Fossil,%,37.82,,
Germany,DEU,2024-09-01,Country or economy,Europe,Europe,1.0,1.0,1.0,1.0,0.0,Electricity generation,Aggregate fuel,Fossil,%,36.94,,
Germany,DEU,2024-10-01,Country or economy,Europe,Europe,1.0,1.0,1.0,1.0,0.0,Electricity generation,Aggregate fuel,Fossil,%,45.52,,
Germany,DEU,2024-11-01,Country or economy,Europe,Europe,1.0,1.0,1.0,1.0,0.0,Electricity generation,Aggregate fuel,Fossil,%,51.91,,
Germany,DEU,2024-12-01,Country or economy,Europe,Europe,1.0,1.0,1.0,1.0,0.0,Electricity generation,Aggregate fuel,Fossil,%,45.26,,
Germany,DEU,2025-01-01,Country or economy,Europe,Europe,1.0,1.0,1.0,1.0,0.0,Electricity generation,Aggregate fuel,Fossil,%,47.3,,
Germany,DEU,2025-02-01,Country or economy,Europe,Europe,1.0,1.0,1.0,1.0,0.0,Electricity generation,Aggregate fuel,Fossil,%,54.05,,
Germany,DEU,2025-03-01,Country or economy,Europe,Europe,1.0,1.0,1.0,1.0,0.0,Electricity generation,Aggregate fuel,Fossil,%,47.86,,
Germany,DEU,2025-04-01,Country or economy,Europe,Europe,1.0,1.0,1.0,1.0,0.0,Electricity generation,Aggregate fuel,Fossil,%,39.91,,
Germany,DEU,2025-05-01,Country or economy,Europe,Europe,1.0,1.0,1.0,1.0,0.0,Electricity generation,Aggregate fuel,Fossil,%,29.75,,
Germany,DEU,2025-06-01,Country or economy,Europe,Europe,1.0,1.0,1.0,1.0,0.0,Electricity generation,Aggregate fuel,Fossil,%,26.83,,
Germany,DEU,2025-07-01,Country or economy,Europe,Europe,1.0,1.0,1.0,1.0,0.0,Electricity generation,Aggregate fuel,Fossil,%,37.03,,
Germany,DEU,2025-08-01,Country or economy,Europe,Europe,1.0,1.0,1.0,1.0,0.0,Electricity generation,Aggregate fuel,Fossil,%,32.91,,
Germany,DEU,2025-09-01,Country or economy,Europe,Europe,1.0,1.0,1.0,1.0,0.0,Electricity generation,Aggregate fuel,Fossil,%,34.0,,
Germany,DEU,2025-10-01,Country or economy,Europe,Europe,1.0,1.0,1.0,1.0,0.0,Electricity generation,Aggregate fuel,Fossil,%,36.94,,
Germany,DEU,2025-11-01,Country or economy,Europe,Europe,1.0,1.0,1.0,1.0,0.0,Electricity generation,Aggregate fuel,Fossil,%,48.88,,
Germany,DEU,2025-12-01,Country or economy,Europe,Europe,1.0,1.0,1.0,1.0,0.0,Electricity generation,Aggregate fuel,Fossil,%,45.26,,
Poland,POL,2015-01-01,Country or economy,Europe,Europe,1.0,1.0,0.0,0.0,0.0,Electricity generation,Aggregate fuel,Fossil,%,88.94,,
Poland,POL,2015-02-01,Country or economy,Europe,Europe,1.0,1.0,0.0,0.0,0.0,Electricity generation,Aggregate fuel,Fossil,%,91.68,,
Poland,POL,2015-03-01,Country or economy,Europe,Europe,1.0,1.0,0.0,0.0,0.0,Electricity generation,Aggregate fuel,Fossil,%,89.7,,
Poland,POL,2015-04-01,Country or economy,Europe,Europe,1.0,1.0,0.0,0.0,0.0,Electricity generation,Aggregate fuel,Fossil,%,88.41,,
Poland,POL,2015-05-01,Country or economy,Europe,Europe,1.0,1.0,0.0,0.0,0.0,Electricity generation,Aggregate fuel,Fossil,%,91.55,,
Poland,POL,2015-06-01,Country or economy,Europe,Europe,1.0,1.0,0.0,0.0,0.0,Electricity generation,Aggregate fuel,Fossil,%,93.42,,
Poland,POL,2015-07-01,Country or economy,Europe,Europe,1.0,1.0,0.0,0.0,0.0,Electricity generation,Aggregate fuel,Fossil,%,91.86,,
Poland,POL,2015-08-01,Country or economy,Europe,Europe,1.0,1.0,0.0,0.0,0.0,Electricity generation,Aggregate fuel,Fossil,%,93.35,,
Poland,POL,2015-09-01,Country or economy,Europe,Europe,1.0,1.0,0.0,0.0,0.0,Electricity generation,Aggregate fuel,Fossil,%,92.37,,
Poland,POL,2015-10-01,Country or economy,Europe,Europe,1.0,1.0,0.0,0.0,0.0,Electricity generation,Aggregate fuel,Fossil,%,92.62,,
Poland,POL,2015-11-01,Country or economy,Europe,Europe,1.0,1.0,0.0,0.0,0.0,Electricity generation,Aggregate fuel,Fossil,%,88.54,,
Poland,POL,2015-12-01,Country or economy,Europe,Europe,1.0,1.0,0.0,0.0,0.0,Electricity generation,Aggregate fuel,Fossil,%,85.38,,
Poland,POL,2016-01-01,Country or economy,Europe,Europe,1.0,1.0,0.0,0.0,0.0,Electricity generation,Aggregate fuel,Fossil,%,89.34,,
Poland,POL,2016-02-01,Country or economy,Europe,Europe,1.0,1.0,0.0,0.0,0.0,Electricity generation,Aggregate fuel,Fossil,%,85.86,,
Poland,POL,2016-03-01,Country or economy,Europe,Europe,1.0,1.0,0.0,0.0,0.0,Electricity generation,Aggregate fuel,Fossil,%,91.19,,
Poland,POL,2016-04-01,Country or economy,Europe,Europe,1.0,1.0,0.0,0.0,0.0,Electricity generation,Aggregate fuel,Fossil,%,90.22,,
Poland,POL,2016-05-01,Country or economy,Europe,Europe,1.0,1.0,0.0,0.0,0.0,Electricity generation,Aggregate fuel,Fossil,%,90.92,,
Poland,POL,2016-06-01,Country or economy,Europe,Europe,1.0,1.0,0.0,0.0,0.0,Electricity generation,Aggregate fuel,Fossil,%,92.38,,
Poland,POL,2016-07-01,Country or economy,Europe,Europe,1.0,1.0,0.0,0.0,0.0,Electricity generation,Aggregate fuel,Fossil,%,91.78,,
Poland,POL,2016-08-01,Country or economy,Europe,Europe,1.0,1.0,0.0,0.0,0.0,Electricity generation,Aggregate fuel,Fossil,%,91.72,,
Poland,POL,2016-09-01,Country or economy,Europe,Europe,1.0,1.0,0.0,0.0,0.0,Electricity generation,Aggregate fuel,Fossil,%,92.54,,
Poland,POL,2016-10-01,Country or economy,Europe,Europe,1.0,1.0,0.0,0.0,0.0,Electricity generation,Aggregate fuel,Fossil,%,88.24,,
Poland,POL,2016-11-01,Country or economy,Europe,Europe,1.0,1.0,0.0,0.0,0.0,Electricity generation,Aggregate fuel,Fossil,%,87.7,,
Poland,POL,2016-12-01,Country or economy,Europe,Europe,1.0,1.0,0.0,0.0,0.0,Electricity generation,Aggregate fuel,Fossil,%,85.9,,
Poland,POL,2017-01-01,Country or economy,Europe,Europe,1.0,1.0,0.0,0.0,0.0,Electricity generation,Aggregate fuel,Fossil,%,90.77,,
Poland,POL,2017-02-01,Country or economy,Europe,Europe,1.0,1.0,0.0,0.0,0.0,Electricity generation,Aggregate fuel,Fossil,%,88.44,,
Poland,POL,2017-03-01,Country or economy,Europe,Europe,1.0,1.0,0.0,0.0,0.0,Electricity generation,Aggregate fuel,Fossil,%,87.64,,
Poland,POL,2017-04-01,Country or economy,Europe,Europe,1.0,1.0,0.0,0.0,0.0,Electricity generation,Aggregate fuel,Fossil,%,85.94,,
Poland,POL,2017-05-01,Country or economy,Europe,Europe,1.0,1.0,0.0,0.0,0.0,Electricity generation,Aggregate fuel,Fossil,%,89.48,,
Poland,POL,2017-06-01,Country or economy,Europe,Europe,1.0,1.0,0.0,0.0,0.0,Electricity generation,Aggregate fuel,Fossil,%,88.29,,
Poland,POL,2017-07-01,Country or economy,Europe,Europe,1.0,1.0,0.0,0.0,0.0,Electricity generation,Aggregate fuel,Fossil,%,92.6,,
Poland,POL,2017-08-01,Country or economy,Europe,Europe,1.0,1.0,0.0,0.0,0.0,Electricity generation,Aggregate fuel,Fossil,%,91.21,,
Poland,POL,2017-09-01,Country or economy,Europe,Europe,1.0,1.0,0.0,0.0,0.0,Electricity generation,Aggregate fuel,Fossil,%,88.44,,
Poland,POL,2017-10-01,Country or economy,Europe,Europe,1.0,1.0,0.0,0.0,0.0,Electricity generation,Aggregate fuel,Fossil,%,83.84,,
Poland,POL,2017-11-01,Country or economy,Europe,Europe,1.0,1.0,0.0,0.0,0.0,Electricity generation,Aggregate fuel,Fossil,%,87.31,,
Poland,POL,2017-12-01,Country or economy,Europe,Europe,1.0,1.0,0.0,0.0,0.0,Electricity generation,Aggregate fuel,Fossil,%,84.37,,
Poland,POL,2018-01-01,Country or economy,Europe,Europe,1.0,1.0,0.0,0.0,0.0,Electricity generation,Aggregate fuel,Fossil,%,85.06,,
Poland,POL,2018-02-01,Country or economy,Europe,Europe,1.0,1.0,0.0,0.0,0.0,Electricity generation,Aggregate fuel,Fossil,%,92.73,,
Poland,POL,2018-03-01,Country or economy,Europe,Europe,1.0,1.0,0.0,0.0,0.0,Electricity generation,Aggregate fuel,Fossil,%,89.94,,
Poland,POL,2018-04-01,Country or economy,Europe,Europe,1.0,1.0,0.0,0.0,0.0,Electricity generation,Aggregate fuel,Fossil,%,85.64,,
Poland,POL,2018-05-01,Country or economy,Europe,Europe,1.0,1.0,0.0,0.0,0.0,Electricity generation,Aggregate fuel,Fossil,%,90.04,,
Poland,POL,2018-06-01,Country or economy,Europe,Europe,1.0,1.0,0.0,0.0,0.0,Electricity generation,Aggregate fuel,Fossil,%,91.1,,
Poland,POL,2018-07-01,Country or economy,Europe,Europe,1.0,1.0,0.0,0.0,0.0,Electricity generation,Aggregate fuel,Fossil,%,92.43,,
Poland,POL,2018-08-01,Country or economy,Europe,Europe,1.0,1.0,0.0,0.0,0.0,Electricity generation,Aggregate fuel,Fossil,%,92.08,,
Poland,POL,2018-09-01,Country or economy,Europe,Europe,1.0,1.0,0.0,0.0,0.0,Electricity generation,Aggregate fuel,Fossil,%,89.58,,
Poland,POL,2018-10-01,Country or economy,Europe,Europe,1.0,1.0,0.0,0.0,0.0,Electricity generation,Aggregate fuel,Fossil,%,86.92,,
Poland,POL,2018-11-01,Country or economy,Europe,Europe,1.0,1.0,0.0,0.0,0.0,Electricity generation,Aggregate fuel,Fossil,%,90.16,,
Poland,POL,2018-12-01,Country or economy,Europe,Europe,1.0,1.0,0.0,0.0,0.0,Electricity generation,Aggregate fuel,Fossil,%,87.56,,
Poland,POL,2019-01-01,Country or economy,Europe,Europe,1.0,1.0,0.0,0.0,0.0,Electricity generation,Aggregate fuel,Fossil,%,86.77,,
Poland,POL,2019-02-01,Country or economy,Europe,Europe,1.0,1.0,0.0,0.0,0.0,Electricity generation,Aggregate fuel,Fossil,%,84.72,,
Poland,POL,2019-03-01,Country or economy,Europe,Europe,1.0,1.0,0.0,0.0,0.0,Electricity generation,Aggregate fuel,Fossil,%,82.48,,
Poland,POL,2019-04-01,Country or economy,Europe,Europe,1.0,1.0,0.0,0.0,0.0,Electricity generation,Aggregate fuel,Fossil,%,86.46,,
Poland,POL,2019-05-01,Country or economy,Europe,Europe,1.0,1.0,0.0,0.0,0.0,Electricity generation,Aggregate fuel,Fossil,%,88.81,,
Poland,POL,2019-06-01,Country or economy,Europe,Europe,1.0,1.0,0.0,0.0,0.0,Electricity generation,Aggregate fuel,Fossil,%,89.9,,
Poland,POL,2019-07-01,Country or economy,Europe,Europe,1.0,1.0,0.0,0.0,0.0,Electricity generation,Aggregate fuel,Fossil,%,89.25,,
Poland,POL,2019-08-01,Country or economy,Europe,Europe,1.0,1.0,0.0,0.0,0.0,Electricity generation,Aggregate fuel,Fossil,%,92.02,,
Poland,POL,2019-09-01,Country or economy,Europe,Europe,1.0,1.0,0.0,0.0,0.0,Electricity generation,Aggregate fuel,Fossil,%,86.87,,
Poland,POL,2019-10-01,Country or economy,Europe,Europe,1.0,1.0,0.0,0.0,0.0,Electricity generation,Aggregate fuel,Fossil,%,87.83,,
Poland,POL,2019-11-01,Country or economy,Europe,Europe,1.0,1.0,0.0,0.0,0.0,Electricity generation,Aggregate fuel,Fossil,%,86.46,,
Poland,POL,2019-12-01,Country or economy,Europe,Europe,1.0,1.0,0.0,0.0,0.0,Electricity generation,Aggregate fuel,Fossil,%,83.83,,
Poland,POL,2020-01-01,Country or economy,Europe,Europe,1.0,1.0,0.0,0.0,0.0,Electricity generation,Aggregate fuel,Fossil,%,83.22,,
Poland,POL,2020-02-01,Country or economy,Europe,Europe,1.0,1.0,0.0,0.0,0.0,Electricity generation,Aggregate fuel,Fossil,%,79.52,,
Poland,POL,2020-03-01,Country or economy,Europe,Europe,1.0,1.0,0.0,0.0,0.0,Electricity generation,Aggregate fuel,Fossil,%,83.32,,
Poland,POL,2020-04-01,Country or economy,Europe,Europe,1.0,1.0,0.0,0.0,0.0,Electricity generation,Aggregate fuel,Fossil,%,83.23,,
Poland,POL,2020-05-01,Country or economy,Europe,Europe,1.0,1.0,0.0,0.0,0.0,Electricity generation,Aggregate fuel,Fossil,%,84.5,,
Poland,POL,2020-06-01,Country or economy,Europe,Europe,1.0,1.0,0.0,0.0,0.0,Electricity generation,Aggregate fuel,Fossil,%,87.85,,
Poland,POL,2020-07-01,Country or economy,Europe,Europe,1.0,1.0,0.0,0.0,0.0,Electricity generation,Aggregate fuel,Fossil,%,88.25,,
Poland,POL,2020-08-01,Country or economy,Europe,Europe,1.0,1.0,0.0,0.0,0.0,Electricity generation,Aggregate fuel,Fossil,%,89.39,,
Poland,POL,2020-09-01,Country or economy,Europe,Europe,1.0,1.0,0.0,0.0,0.0,Electricity generation,Aggregate fuel,Fossil,%,87.75,,
Poland,POL,2020-10-01,Country or economy,Europe,Europe,1.0,1.0,0.0,0.0,0.0,Electricity generation,Aggregate fuel,Fossil,%,85.19,,
Poland,POL,2020-11-01,Country or economy,Europe,Europe,1.0,1.0,0.0,0.0,0.0,Electricity generation,Aggregate fuel,Fossil,%,85.82,,
Poland,POL,2020-12-01,Country or economy,Europe,Europe,1.0,1.0,0.0,0.0,0.0,Electricity generation,Aggregate fuel,Fossil,%,83.68,,
Poland,POL,2021-01-01,Country or economy,Europe,Europe,1.0,1.0,0.0,0.0,0.0,Electricity generation,Aggregate fuel,Fossil,%,88.15,,
Poland,POL,2021-02-01,Country or economy,Europe,Europe,1.0,1.0,0.0,0.0,0.0,Electricity generation,Aggregate fuel,Fossil,%,86.51,,
Poland,POL,2021-03-01,Country or economy,Europe,Europe,1.0,1.0,0.0,0.0,0.0,Electricity generation,Aggregate fuel,Fossil,%,84.65,,
Poland,POL,2021-04-01,Country or economy,Europe,Europe,1.0,1.0,0.0,0.0,0.0,Electricity generation,Aggregate fuel,Fossil,%,82.74,,
Poland,POL,2021-05-01,Country or economy,Europe,Europe,1.0,1.0,0.0,0.0,0.0,Electricity generation,Aggregate fuel,Fossil,%,80.76,,
Poland,POL,2021-06-01,Country or economy,Europe,Europe,1.0,1.0,0.0,0.0,0.0,Electricity generation,Aggregate fuel,Fossil,%,86.32,,
Poland,POL,2021-07-01,Country or economy,Europe,Europe,1.0,1.0,0.0,0.0,0.0,Electricity generation,Aggregate fuel,Fossil,%,87.71,,
Poland,POL,2021-08-01,Country or economy,Europe,Europe,1.0,1.0,0.0,0.0,0.0,Electricity generation,Aggregate fuel,Fossil,%,85.48,,
Poland,POL,2021-09-01,Country or economy,Europe,Europe,1.0,1.0,0.0,0.0,0.0,Electricity generation,Aggregate fuel,Fossil,%,86.56,,
Poland,POL,2021-10-01,Country or economy,Europe,Europe,1.0,1.0,0.0,0.0,0.0,Electricity generation,Aggregate fuel,Fossil,%,82.39,,
Poland,POL,2021-11-01,Country or economy,Europe,Europe,1.0,1.0,0.0,0.0,0.0,Electricity generation,Aggregate fuel,Fossil,%,85.43,,
Poland,POL,2021-12-01,Country or economy,Europe,Europe,1.0,1.0,0.0,0.0,0.0,Electricity generation,Aggregate fuel,Fossil,%,85.93,,
Poland,POL,2022-01-01,Country or economy,Europe,Europe,1.0,1.0,0.0,0.0,0.0,Electricity generation,Aggregate fuel,Fossil,%,79.83,,
Poland,POL,2022-02-01,Country or economy,Europe,Europe,1.0,1.0,0.0,0.0,0.0,Electricity generation,Aggregate fuel,Fossil,%,75.55,,
Poland,POL,2022-03-01,Country or economy,Europe,Europe,1.0,1.0,0.0,0.0,0.0,Electricity generation,Aggregate fuel,Fossil,%,84.32,,
Poland,POL,2022-04-01,Country or economy,Europe,Europe,1.0,1.0,0.0,0.0,0.0,Electricity generation,Aggregate fuel,Fossil,%,77.9,,
Poland,POL,2022-05-01,Country or economy,Europe,Europe,1.0,1.0,0.0,0.0,0.0,Electricity generation,Aggregate fuel,Fossil,%,77.39,,
Poland,POL,2022-06-01,Country or economy,Europe,Europe,1.0,1.0,0.0,0.0,0.0,Electricity generation,Aggregate fuel,Fossil,%,79.77,,
Poland,POL,2022-07-01,Country or economy,Europe,Europe,1.0,1.0,0.0,0.0,0.0,Electricity generation,Aggregate fuel,Fossil,%,77.45,,
Poland,POL,2022-08-01,Country or economy,Europe,Europe,1.0,1.0,0.0,0.0,0.0,Electricity generation,Aggregate fuel,Fossil,%,83.22,,
Poland,POL,2022-09-01,Country or economy,Europe,Europe,1.0,1.0,0.0,0.0,0.0,Electricity generation,Aggregate fuel,Fossil,%,82.25,,
Poland,POL,2022-10-01,Country or economy,Europe,Europe,1.0,1.0,0.0,0.0,0.0,Electricity generation,Aggregate fuel,Fossil,%,79.07,,
Poland,POL,2022-11-01,Country or economy,Europe,Europe,1.0,1.0,0.0,0.0,0.0,Electricity generation,Aggregate fuel,Fossil,%,86.47,,
Poland,POL,2022-12-01,Country or economy,Europe,Europe,1.0,1.0,0.0,0.0,0.0,Electricity generation,Aggregate fuel,Fossil,%,83.85,,
Poland,POL,2023-01-01,Country or economy,Europe,Europe,1.0,1.0,0.0,0.0,0.0,Electricity generation,Aggregate fuel,Fossil,%,78.29,,
Poland,POL,2023-02-01,Country or economy,Europe,Europe,1.0,1.0,0.0,0.0,0.0,Electricity generation,Aggregate fuel,Fossil,%,76.33,,
Poland,POL,2023-03-01,Country or economy,Europe,Europe,1.0,1.0,0.0,0.0,0.0,Electricity generation,Aggregate fuel,Fossil,%,73.6,,
Poland,POL,2023-04-01,Country or economy,Europe,Europe,1.0,1.0,0.0,0.0,0.0,Electricity generation,Aggregate fuel,Fossil,%,73.97,,
Poland,POL,2023-05-01,Country or economy,Europe,Europe,1.0,1.0,0.0,0.0,0.0,Electricity generation,Aggregate fuel,Fossil,%,69.58,,
Poland,POL,2023-06-01,Country or economy,Europe,Europe,1.0,1.0,0.0,0.0,0.0,Electricity generation,Aggregate fuel,Fossil,%,72.13,,
Poland,POL,2023-07-01,Country or economy,Europe,Europe,1.0,1.0,0.0,0.0,0.0,Electricity generation,Aggregate fuel,Fossil,%,70.42,,
Poland,POL,2023-08-01,Country or economy,Europe,Europe,1.0,1.0,0.0,0.0,0.0,Electricity generation,Aggregate fuel,Fossil,%,73.33,,
Poland,POL,2023-09-01,Country or economy,Europe,Europe,1.0,1.0,0.0,0.0,0.0,Electricity generation,Aggregate fuel,Fossil,%,73.68,,
Poland,POL,2023-10-01,Country or economy,Europe,Europe,1.0,1.0,0.0,0.0,0.0,Electricity generation,Aggregate fuel,Fossil,%,72.57,,
Poland,POL,2023-11-01,Country or economy,Europe,Europe,1.0,1.0,0.0,0.0,0.0,Electricity generation,Aggregate fuel,Fossil,%,78.2,,
Poland,POL,2023-12-01,Country or economy,Europe,Europe,1.0,1.0,0.0,0.0,0.0,Electricity generation,Aggregate fuel,Fossil,%,74.36,,
Poland,POL,2024-01-01,Country or economy,Europe,Europe,1.0,1.0,0.0,0.0,0.0,Electricity generation,Aggregate fuel,Fossil,%,73.24,,
Poland,POL,2024-02-01,Country or economy,Europe,Europe,1.0,1.0,0.0,0.0,0.0,Electricity generation,Aggregate fuel,Fossil,%,71.86,,
Poland,POL,2024-03-01,Country or economy,Europe,Europe,1.0,1.0,0.0,0.0,0.0,Electricity generation,Aggregate fuel,Fossil,%,72.5,,
Poland,POL,2024-04-01,Country or economy,Europe,Europe,1.0,1.0,0.0,0.0,0.0,Electricity generation,Aggregate fuel,Fossil,%,67.5,,
Poland,POL,2024-05-01,Country or economy,Europe,Europe,1.0,1.0,0.0,0.0,0.0,Electricity generation,Aggregate fuel,Fossil,%,64.27,,
Poland,POL,2024-06-01,Country or economy,Europe,Europe,1.0,1.0,0.0,0.0,0.0,Electricity generation,Aggregate fuel,Fossil,%,69.04,,
Poland,POL,2024-07-01,Country or economy,Europe,Europe,1.0,1.0,0.0,0.0,0.0,Electricity generation,Aggregate fuel,Fossil,%,69.15,,
Poland,POL,2024-08-01,Country or economy,Europe,Europe,1.0,1.0,0.0,0.0,0.0,Electricity generation,Aggregate fuel,Fossil,%,69.04,,
Poland,POL,2024-09-01,Country or economy,Europe,Europe,1.0,1.0,0.0,0.0,0.0,Electricity generation,Aggregate fuel,Fossil,%,66.1,,
Poland,POL,2024-10-01,Country or economy,Europe,Europe,1.0,1.0,0.0,0.0,0.0,Electricity generation,Aggregate fuel,Fossil,%,72.06,,
Poland,POL,2024-11-01,Country or economy,Europe,Europe,1.0,1.0,0.0,0.0,0.0,Electricity generation,Aggregate fuel,Fossil,%,77.4,,
Poland,POL,2024-12-01,Country or economy,Europe,Europe,1.0,1.0,0.0,0.0,0.0,Electricity generation,Aggregate fuel,Fossil,%,77.44,,
Poland,POL,2025-01-01,Country or economy,Europe,Europe,1.0,1.0,0.0,0.0,0.0,Electricity generation,Aggregate fuel,Fossil,%,74.35,,
Poland,POL,2025-02-01,Country or economy,Europe,Europe,1.0,1.0,0.0,0.0,0.0,Electricity generation,Aggregate fuel,Fossil,%,80.79,,
Poland,POL,2025-03-01,Country or economy,Europe,Europe,1.0,1.0,0.0,0.0,0.0,Electricity generation,Aggregate fuel,Fossil,%,71.12,,
Poland,POL,2025-04-01,Country or economy,Europe,Europe,1.0,1.0,0.0,0.0,0.0,Electricity generation,Aggregate fuel,Fossil,%,66.19,,
Poland,POL,2025-05-01,Country or economy,Europe,Europe,1.0,1.0,0.0,0.0,0.0,Electricity generation,Aggregate fuel,Fossil,%,63.46,,
Poland,POL,2025-06-01,Country or economy,Europe,Europe,1.0,1.0,0.0,0.0,0.0,Electricity generation,Aggregate fuel,Fossil,%,57.67,,
Poland,POL,2025-07-01,Country or economy,Europe,Europe,1.0,1.0,0.0,0.0,0.0,Electricity generation,Aggregate fuel,Fossil,%,68.03,,
Poland,POL,2025-08-01,Country or economy,Europe,Europe,1.0,1.0,0.0,0.0,0.0,Electricity generation,Aggregate fuel,Fossil,%,65.26,,
Poland,POL,2025-09-01,Country or economy,Europe,Europe,1.0,1.0,0.0,0.0,0.0,Electricity generation,Aggregate fuel,Fossil,%,66.64,,
Poland,POL,2025-10-01,Country or economy,Europe,Europe,1.0,1.0,0.0,0.0,0.0,Electricity generation,Aggregate fuel,Fossil,%,68.49,,
Poland,POL,2025-11-01,Country or economy,Europe,Europe,1.0,1.0,0.0,0.0,0.0,Electricity generation,Aggregate fuel,Fossil,%,79.62,,
Poland,POL,2025-12-01,Country or economy,Europe,Europe,1.0,1.0,0.0,0.0,0.0,Electricity generation,Aggregate fuel,Fossil,%,80.46,,
Spain,ESP,2015-01-01,Country or economy,Europe,Europe,1.0,1.0,0.0,0.0,0.0,Electricity generation,Aggregate fuel,Fossil,%,39.59,,
Spain,ESP,2015-02-01,Country or economy,Europe,Europe,1.0,1.0,0.0,0.0,0.0,Electricity generation,Aggregate fuel,Fossil,%,29.66,,
Spain,ESP,2015-03-01,Country or economy,Europe,Europe,1.0,1.0,0.0,0.0,0.0,Electricity generation,Aggregate fuel,Fossil,%,28.62,,
Spain,ESP,2015-04-01,Country or economy,Europe,Europe,1.0,1.0,0.0,0.0,0.0,Electricity generation,Aggregate fuel,Fossil,%,34.12,,
Spain,ESP,2015-05-01,Country or economy,Europe,Europe,1.0,1.0,0.0,0.0,0.0,Electricity generation,Aggregate fuel,Fossil,%,32.96,,
Spain,ESP,2015-06-01,Country or economy,Europe,Europe,1.0,1.0,0.0,0.0,0.0,Electricity generation,Aggregate fuel,Fossil,%,45.64,,
Spain,ESP,2015-07-01,Country or economy,Europe,Europe,1.0,1.0,0.0,0.0,0.0,Electricity generation,Aggregate fuel,Fossil,%,49.13,,
Spain,ESP,2015-08-01,Country or economy,Europe,Europe,1.0,1.0,0.0,0.0,0.0,Electricity generation,Aggregate fuel,Fossil,%,44.76,,
Spain,ESP,2015-09-01,Country or economy,Europe,Europe,1.0,1.0,0.0,0.0,0.0,Electricity generation,Aggregate fuel,Fossil,%,43.64,,
Spain,ESP,2015-10-01,Country or economy,Europe,Europe,1.0,1.0,0.0,0.0,0.0,Electricity generation,Aggregate fuel,Fossil,%,43.6,,
Spain,ESP,2015-11-01,Country or economy,Europe,Europe,1.0,1.0,0.0,0.0,0.0,Electricity generation,Aggregate fuel,Fossil,%,44.77,,
Spain,ESP,2015-12-01,Country or economy,Europe,Europe,1.0,1.0,0.0,0.0,0.0,Electricity generation,Aggregate fuel,Fossil,%,46.52,,
Spain,ESP,2016-01-01,Country or economy,Europe,Europe,1.0,1.0,0.0,0.0,0.0,Electricity generation,Aggregate fuel,Fossil,%,31.0,,
Spain,ESP,2016-02-01,Country or economy,Europe,Europe,1.0,1.0,0.0,0.0,0.0,Electricity generation,Aggregate fuel,Fossil,%,24.37,,
Spain,ESP,2016-03-01,Country or economy,Europe,Europe,1.0,1.0,0.0,0.0,0.0,Electricity generation,Aggregate fuel,Fossil,%,22.67,,
Spain,ESP,2016-04-01,Country or economy,Europe,Europe,1.0,1.0,0.0,0.0,0.0,Electricity generation,Aggregate fuel,Fossil,%,19.5,,
Spain,ESP,2016-05-01,Country or economy,Europe,Europe,1.0,1.0,0.0,0.0,0.0,Electricity generation,Aggregate fuel,Fossil,%,23.27,,
Spain,ESP,2016-06-01,Country or economy,Europe,Europe,1.0,1.0,0.0,0.0,0.0,Electricity generation,Aggregate fuel,Fossil,%,31.62,,
Spain,ESP,2016-07-01,Country or economy,Europe,Europe,1.0,1.0,0.0,0.0,0.0,Electricity generation,Aggregate fuel,Fossil,%,38.82,,
Spain,ESP,2016-08-01,Country or economy,Europe,Europe,1.0,1.0,0.0,0.0,0.0,Electricity generation,Aggregate fuel,Fossil,%,36.77,,
Spain,ESP,2016-09-01,Country or economy,Europe,Europe,1.0,1.0,0.0,0.0,0.0,Electricity generation,Aggregate fuel,Fossil,%,43.67,,
Spain,ESP,2016-10-01,Country or economy,Europe,Europe,1.0,1.0,0.0,0.0,0.0,Electricity generation,Aggregate fuel,Fossil,%,48.5,,
Spain,ESP,2016-11-01,Country or economy,Europe,Europe,1.0,1.0,0.0,0.0,0.0,Electricity generation,Aggregate fuel,Fossil,%,49.8,,
Spain,ESP,2016-12-01,Country or economy,Europe,Europe,1.0,1.0,0.0,0.0,0.0,Electricity generation,Aggregate fuel,Fossil,%,51.75,,
Spain,ESP,2017-01-01,Country or economy,Europe,Europe,1.0,1.0,0.0,0.0,0.0,Electricity generation,Aggregate fuel,Fossil,%,44.09,,
Spain,ESP,2017-02-01,Country or economy,Europe,Europe,1.0,1.0,0.0,0.0,0.0,Electricity generation,Aggregate fuel,Fossil,%,35.73,,
Spain,ESP,2017-03-01,Country or economy,Europe,Europe,1.0,1.0,0.0,0.0,0.0,Electricity generation,Aggregate fuel,Fossil,%,28.43,,
Spain,ESP,2017-04-01,Country or economy,Europe,Europe,1.0,1.0,0.0,0.0,0.0,Electricity generation,Aggregate fuel,Fossil,%,29.68,,
Spain,ESP,2017-05-01,Country or economy,Europe,Europe,1.0,1.0,0.0,0.0,0.0,Electricity generation,Aggregate fuel,Fossil,%,39.52,,
Spain,ESP,2017-06-01,Country or economy,Europe,Europe,1.0,1.0,0.0,0.0,0.0,Electricity generation,Aggregate fuel,Fossil,%,47.74,,
Spain,ESP,2017-07-01,Country or economy,Europe,Europe,1.0,1.0,0.0,0.0,0.0,Electricity generation,Aggregate fuel,Fossil,%,48.38,,
Spain,ESP,2017-08-01,Country or economy,Europe,Europe,1.0,1.0,0.0,0.0,0.0,Electricity generation,Aggregate fuel,Fossil,%,43.69,,
Spain,ESP,2017-09-01,Country or economy,Europe,Europe,1.0,1.0,0.0,0.0,0.0,Electricity generation,Aggregate fuel,Fossil,%,44.42,,
Spain,ESP,2017-10-01,Country or economy,Europe,Europe,1.0,1.0,0.0,0.0,0.0,Electricity generation,Aggregate fuel,Fossil,%,51.25,,
Spain,ESP,2017-11-01,Country or economy,Europe,Europe,1.0,1.0,0.0,0.0,0.0,Electricity generation,Aggregate fuel,Fossil,%,54.9,,
Spain,ESP,2017-12-01,Country or economy,Europe,Europe,1.0,1.0,0.0,0.0,0.0,Electricity generation,Aggregate fuel,Fossil,%,42.52,,
Spain,ESP,2018-01-01,Country or economy,Europe,Europe,1.0,1.0,0.0,0.0,0.0,Electricity generation,Aggregate fuel,Fossil,%,36.63,,
Spain,ESP,2018-02-01,Country or economy,Europe,Europe,1.0,1.0,0.0,0.0,0.0,Electricity generation,Aggregate fuel,Fossil,%,37.63,,
Spain,ESP,2018-03-01,Country or economy,Europe,Europe,1.0,1.0,0.0,0.0,0.0,Electricity generation,Aggregate fuel,Fossil,%,21.95,,
Spain,ESP,2018-04-01,Country or economy,Europe,Europe,1.0,1.0,0.0,0.0,0.0,Electricity generation,Aggregate fuel,Fossil,%,25.25,,
Spain,ESP,2018-05-01,Country or economy,Europe,Europe,1.0,1.0,0.0,0.0,0.0,Electricity generation,Aggregate fuel,Fossil,%,35.4,,
Spain,ESP,2018-06-01,Country or economy,Europe,Europe,1.0,1.0,0.0,0.0,0.0,Electricity generation,Aggregate fuel,Fossil,%,37.68,,
Spain,ESP,2018-07-01,Country or economy,Europe,Europe,1.0,1.0,0.0,0.0,0.0,Electricity generation,Aggregate fuel,Fossil,%,40.7,,
Spain,ESP,2018-08-01,Country or economy,Europe,Europe,1.0,1.0,0.0,0.0,0.0,Electricity generation,Aggregate fuel,Fossil,%,41.61,,
Spain,ESP,2018-09-01,Country or economy,Europe,Europe,1.0,1.0,0.0,0.0,0.0,Electricity generation,Aggregate fuel,Fossil,%,44.71,,
Spain,ESP,2018-10-01,Country or economy,Europe,Europe,1.0,1.0,0.0,0.0,0.0,Electricity generation,Aggregate fuel,Fossil,%,41.07,,
Spain,ESP,2018-11-01,Country or economy,Europe,Europe,1.0,1.0,0.0,0.0,0.0,Electricity generation,Aggregate fuel,Fossil,%,45.81,,
Spain,ESP,2018-12-01,Country or economy,Europe,Europe,1.0,1.0,0.0,0.0,0.0,Electricity generation,Aggregate fuel,Fossil,%,40.94,,
Spain,ESP,2019-01-01,Country or economy,Europe,Europe,1.0,1.0,0.0,0.0,0.0,Electricity generation,Aggregate fuel,Fossil,%,38.8,,
Spain,ESP,2019-02-01,Country or economy,Europe,Europe,1.0,1.0,0.0,0.0,0.0,Electricity generation,Aggregate fuel,Fossil,%,36.99,,
Spain,ESP,2019-03-01,Country or economy,Europe,Europe,1.0,1.0,0.0,0.0,0.0,Electricity generation,Aggregate fuel,Fossil,%,28.87,,
Spain,ESP,2019-04-01,Country or economy,Europe,Europe,1.0,1.0,0.0,0.0,0.0,Electricity generation,Aggregate fuel,Fossil,%,32.61,,
Spain,ESP,2019-05-01,Country or economy,Europe,Europe,1.0,1.0,0.0,0.0,0.0,Electricity generation,Aggregate fuel,Fossil,%,35.58,,
Spain,ESP,2019-06-01,Country or economy,Europe,Europe,1.0,1.0,0.0,0.0,0.0,Electricity generation,Aggregate fuel,Fossil,%,41.25,,
Spain,ESP,2019-07-01,Country or economy,Europe,Europe,1.0,1.0,0.0,0.0,0.0,Electricity generation,Aggregate fuel,Fossil,%,45.93,,
Spain,ESP,2019-08-01,Country or economy,Europe,Europe,1.0,1.0,0.0,0.0,0.0,Electricity generation,Aggregate fuel,Fossil,%,46.62,,
Spain,ESP,2019-09-01,Country or economy,Europe,Europe,1.0,1.0,0.0,0.0,0.0,Electricity generation,Aggregate fuel,Fossil,%,41.63,,
Spain,ESP,2019-10-01,Country or economy,Europe,Europe,1.0,1.0,0.0,0.0,0.0,Electricity generation,Aggregate fuel,Fossil,%,44.95,,
Spain,ESP,2019-11-01,Country or economy,Europe,Europe,1.0,1.0,0.0,0.0,0.0,Electricity generation,Aggregate fuel,Fossil,%,32.63,,
Spain,ESP,2019-12-01,Country or economy,Europe,Europe,1.0,1.0,0.0,0.0,0.0,Electricity generation,Aggregate fuel,Fossil,%,26.88,,
Spain,ESP,2020-01-01,Country or economy,Europe,Europe,1.0,1.0,0.0,0.0,0.0,Electricity generation,Aggregate fuel,Fossil,%,31.2,,
Spain,ESP,2020-02-01,Country or economy,Europe,Europe,1.0,1.0,0.0,0.0,0.0,Electricity generation,Aggregate fuel,Fossil,%,29.06,,
Spain,ESP,2020-03-01,Country or economy,Europe,Europe,1.0,1.0,0.0,0.0,0.0,Electricity generation,Aggregate fuel,Fossil,%,21.15,,
Spain,ESP,2020-04-01,Country or economy,Europe,Europe,1.0,1.0,0.0,0.0,0.0,Electricity generation,Aggregate fuel,Fossil,%,24.25,,
Spain,ESP,2020-05-01,Country or economy,Europe,Europe,1.0,1.0,0.0,0.0,0.0,Electricity generation,Aggregate fuel,Fossil,%,25.88,,
Spain,ESP,2020-06-01,Country or economy,Europe,Europe,1.0,1.0,0.0,0.0,0.0,Electricity generation,Aggregate fuel,Fossil,%,33.45,,
Spain,ESP,2020-07-01,Country or economy,Europe,Europe,1.0,1.0,0.0,0.0,0.0,Electricity generation,Aggregate fuel,Fossil,%,37.1,,
Spain,ESP,2020-08-01,Country or economy,Europe,Europe,1.0,1.0,0.0,0.0,0.0,Electricity generation,Aggregate fuel,Fossil,%,35.95,,
Spain,ESP,2020-09-01,Country or economy,Europe,Europe,1.0,1.0,0.0,0.0,0.0,Electricity generation,Aggregate fuel,Fossil,%,35.71,,
Spain,ESP,2020-10-01,Country or economy,Europe,Europe,1.0,1.0,0.0,0.0,0.0,Electricity generation,Aggregate fuel,Fossil,%,27.52,,
Spain,ESP,2020-11-01,Country or economy,Europe,Europe,1.0,1.0,0.0,0.0,0.0,Electricity generation,Aggregate fuel,Fossil,%,31.92,,
Spain,ESP,2020-12-01,Country or economy,Europe,Europe,1.0,1.0,0.0,0.0,0.0,Electricity generation,Aggregate fuel,Fossil,%,23.15,,
Spain,ESP,2021-01-01,Country or economy,Europe,Europe,1.0,1.0,0.0,0.0,0.0,Electricity generation,Aggregate fuel,Fossil,%,22.56,,
Spain,ESP,2021-02-01,Country or economy,Europe,Europe,1.0,1.0,0.0,0.0,0.0,Electricity generation,Aggregate fuel,Fossil,%,16.11,,
Spain,ESP,2021-03-01,Country or economy,Europe,Europe,1.0,1.0,0.0,0.0,0.0,Electricity generation,Aggregate fuel,Fossil,%,20.49,,
Spain,ESP,2021-04-01,Country or economy,Europe,Europe,1.0,1.0,0.0,0.0,0.0,Electricity generation,Aggregate fuel,Fossil,%,29.26,,
Spain,ESP,2021-05-01,Country or economy,Europe,Europe,1.0,1.0,0.0,0.0,0.0,Electricity generation,Aggregate fuel,Fossil,%,24.1,,
Spain,ESP,2021-06-01,Country or economy,Europe,Europe,1.0,1.0,0.0,0.0,0.0,Electricity generation,Aggregate fuel,Fossil,%,31.74,,
Spain,ESP,2021-07-01,Country or economy,Europe,Europe,1.0,1.0,0.0,0.0,0.0,Electricity generation,Aggregate fuel,Fossil,%,27.48,,
Spain,ESP,2021-08-01,Country or economy,Europe,Europe,1.0,1.0,0.0,0.0,0.0,Electricity generation,Aggregate fuel,Fossil,%,29.6,,
Spain,ESP,2021-09-01,Country or economy,Europe,Europe,1.0,1.0,0.0,0.0,0.0,Electricity generation,Aggregate fuel,Fossil,%,36.74,,
Spain,ESP,2021-10-01,Country or economy,Europe,Europe,1.0,1.0,0.0,0.0,0.0,Electricity generation,Aggregate fuel,Fossil,%,34.2,,
Spain,ESP,2021-11-01,Country or economy,Europe,Europe,1.0,1.0,0.0,0.0,0.0,Electricity generation,Aggregate fuel,Fossil,%,39.48,,
Spain,ESP,2021-12-01,Country or economy,Europe,Europe,1.0,1.0,0.0,0.0,0.0,Electricity generation,Aggregate fuel,Fossil,%,33.54,,
Spain,ESP,2022-01-01,Country or economy,Europe,Europe,1.0,1.0,0.0,0.0,0.0,Electricity generation,Aggregate fuel,Fossil,%,35.85,,
Spain,ESP,2022-02-01,Country or economy,Europe,Europe,1.0,1.0,0.0,0.0,0.0,Electricity generation,Aggregate fuel,Fossil,%,34.45,,
Spain,ESP,2022-03-01,Country or economy,Europe,Europe,1.0,1.0,0.0,0.0,0.0,Electricity generation,Aggregate fuel,Fossil,%,29.51,,
Spain,ESP,2022-04-01,Country or economy,Europe,Europe,1.0,1.0,0.0,0.0,0.0,Electricity generation,Aggregate fuel,Fossil,%,25.26,,
Spain,ESP,2022-05-01,Country or economy,Europe,Europe,1.0,1.0,0.0,0.0,0.0,Electricity generation,Aggregate fuel,Fossil,%,26.99,,
Spain,ESP,2022-06-01,Country or economy,Europe,Europe,1.0,1.0,0.0,0.0,0.0,Electricity generation,Aggregate fuel,Fossil,%,37.8,,
Spain,ESP,2022-07-01,Country or economy,Europe,Europe,1.0,1.0,0.0,0.0,0.0,Electricity generation,Aggregate fuel,Fossil,%,39.87,,
Spain,ESP,2022-08-01,Country or economy,Europe,Europe,1.0,1.0,0.0,0.0,0.0,Electricity generation,Aggregate fuel,Fossil,%,38.64,,
Spain,ESP,2022-09-01,Country or economy,Europe,Europe,1.0,1.0,0.0,0.0,0.0,Electricity generation,Aggregate fuel,Fossil,%,38.64,,
Spain,ESP,2022-10-01,Country or economy,Europe,Europe,1.0,1.0,0.0,0.0,0.0,Electricity generation,Aggregate fuel,Fossil,%,39.19,,
Spain,ESP,2022-11-01,Country or economy,Europe,Europe,1.0,1.0,0.0,0.0,0.0,Electricity generation,Aggregate fuel,Fossil,%,29.4,,
Spain,ESP,2022-12-01,Country or economy,Europe,Europe,1.0,1.0,0.0,0.0,0.0,Electricity generation,Aggregate fuel,Fossil,%,27.62,,
Spain,ESP,2023-01-01,Country or economy,Europe,Europe,1.0,1.0,0.0,0.0,0.0,Electricity generation,Aggregate fuel,Fossil,%,17.15,,
Spain,ESP,2023-02-01,Country or economy,Europe,Europe,1.0,1.0,0.0,0.0,0.0,Electricity generation,Aggregate fuel,Fossil,%,29.64,,
Spain,ESP,2023-03-01,Country or economy,Europe,Europe,1.0,1.0,0.0,0.0,0.0,Electricity generation,Aggregate fuel,Fossil,%,21.04,,
Spain,ESP,2023-04-01,Country or economy,Europe,Europe,1.0,1.0,0.0,0.0,0.0,Electricity generation,Aggregate fuel,Fossil,%,20.81,,
Spain,ESP,2023-05-01,Country or economy,Europe,Europe,1.0,1.0,0.0,0.0,0.0,Electricity generation,Aggregate fuel,Fossil,%,23.17,,
Spain,ESP,2023-06-01,Country or economy,Europe,Europe,1.0,1.0,0.0,0.0,0.0,Electricity generation,Aggregate fuel,Fossil,%,30.44,,
Spain,ESP,2023-07-01,Country or economy,Europe,Europe,1.0,1.0,0.0,0.0,0.0,Electricity generation,Aggregate fuel,Fossil,%,27.97,,
Spain,ESP,2023-08-01,Country or economy,Europe,Europe,1.0,1.0,0.0,0.0,0.0,Electricity generation,Aggregate fuel,Fossil,%,28.17,,
Spain,ESP,2023-09-01,Country or economy,Europe,Europe,1.0,1.0,0.0,0.0,0.0,Electricity generation,Aggregate fuel,Fossil,%,31.97,,
Spain,ESP,2023-10-01,Country or economy,Europe,Europe,1.0,1.0,0.0,0.0,0.0,Electricity generation,Aggregate fuel,Fossil,%,27.25,,
Spain,ESP,2023-11-01,Country or economy,Europe,Europe,1.0,1.0,0.0,0.0,0.0,Electricity generation,Aggregate fuel,Fossil,%,18.39,,
Spain,ESP,2023-12-01,Country or economy,Europe,Europe,1.0,1.0,0.0,0.0,0.0,Electricity generation,Aggregate fuel,Fossil,%,19.48,,
Spain,ESP,2024-01-01,Country or economy,Europe,Europe,1.0,1.0,0.0,0.0,0.0,Electricity generation,Aggregate fuel,Fossil,%,21.44,,
Spain,ESP,2024-02-01,Country or economy,Europe,Europe,1.0,1.0,0.0,0.0,0.0,Electricity generation,Aggregate fuel,Fossil,%,15.29,,
Spain,ESP,2024-03-01,Country or economy,Europe,Europe,1.0,1.0,0.0,0.0,0.0,Electricity generation,Aggregate fuel,Fossil,%,14.35,,
Spain,ESP,2024-04-01,Country or economy,Europe,Europe,1.0,1.0,0.0,0.0,0.0,Electricity generation,Aggregate fuel,Fossil,%,13.42,,
Spain,ESP,2024-05-01,Country or economy,Europe,Europe,1.0,1.0,0.0,0.0,0.0,Electricity generation,Aggregate fuel,Fossil,%,14.68,,
Spain,ESP,2024-06-01,Country or economy,Europe,Europe,1.0,1.0,0.0,0.0,0.0,Electricity generation,Aggregate fuel,Fossil,%,15.68,,
Spain,ESP,2024-07-01,Country or economy,Europe,Europe,1.0,1.0,0.0,0.0,0.0,Electricity generation,Aggregate fuel,Fossil,%,18.91,,
Spain,ESP,2024-08-01,Country or economy,Europe,Europe,1.0,1.0,0.0,0.0,0.0,Electricity generation,Aggregate fuel,Fossil,%,20.78,,
Spain,ESP,2024-09-01,Country or economy,Europe,Europe,1.0,1.0,0.0,0.0,0.0,Electricity generation,Aggregate fuel,Fossil,%,19.24,,
Spain,ESP,2024-10-01,Country or economy,Europe,Europe,1.0,1.0,0.0,0.0,0.0,Electricity generation,Aggregate fuel,Fossil,%,18.9,,
Spain,ESP,2024-11-01,Country or economy,Europe,Europe,1.0,1.0,0.0,0.0,0.0,Electricity generation,Aggregate fuel,Fossil,%,27.68,,
Spain,ESP,2024-12-01,Country or economy,Europe,Europe,1.0,1.0,0.0,0.0,0.0,Electricity generation,Aggregate fuel,Fossil,%,29.68,,
Spain,ESP,2025-01-01,Country or economy,Europe,Europe,1.0,1.0,0.0,0.0,0.0,Electricity generation,Aggregate fuel,Fossil,%,19.48,,
Spain,ESP,2025-02-01,Country or economy,Europe,Europe,1.0,1.0,0.0,0.0,0.0,Electricity generation,Aggregate fuel,Fossil,%,20.87,,
Spain,ESP,2025-03-01,Country or economy,Europe,Europe,1.0,1.0,0.0,0.0,0.0,Electricity generation,Aggregate fuel,Fossil,%,14.75,,
Spain,ESP,2025-04-01,Country or economy,Europe,Europe,1.0,1.0,0.0,0.0,0.0,Electricity generation,Aggregate fuel,Fossil,%,16.75,,
Spain,ESP,2025-05-01,Country or economy,Europe,Europe,1.0,1.0,0.0,0.0,0.0,Electricity generation,Aggregate fuel,Fossil,%,19.3,,
Spain,ESP,2025-06-01,Country or economy,Europe,Europe,1.0,1.0,0.0,0.0,0.0,Electricity generation,Aggregate fuel,Fossil,%,24.49,,
Spain,ESP,2025-07-01,Country or economy,Europe,Europe,1.0,1.0,0.0,0.0,0.0,Electricity generation,Aggregate fuel,Fossil,%,20.46,,
Spain,ESP,2025-08-01,Country or economy,Europe,Europe,1.0,1.0,0.0,0.0,0.0,Electricity generation,Aggregate fuel,Fossil,%,21.71,,
Spain,ESP,2025-09-01,Country or economy,Europe,Europe,1.0,1.0,0.0,0.0,0.0,Electricity generation,Aggregate fuel,Fossil,%,21.78,,
Spain,ESP,2025-10-01,Country or economy,Europe,Europe,1.0,1.0,0.0,0.0,0.0,Electricity generation,Aggregate fuel,Fossil,%,29.55,,
Spain,ESP,2025-11-01,Country or economy,Europe,Europe,1.0,1.0,0.0,0.0,0.0,Electricity generation,Aggregate fuel,Fossil,%,23.43,,
Spain,ESP,2025-12-01,Country or economy,Europe,Europe,1.0,1.0,0.0,0.0,0.0,Electricity generation,Aggregate fuel,Fossil,%,27.56,,
