region,period,Internal variance (°C²),Internal SD (°C),Model variance (°C²),Model SD (°C),Total variance (°C²),Total SD (°C)
MED,2021-2040,0.028,0.168,0.15,0.387,0.178,0.422
MED,2041-2060,0.038,0.195,0.325,0.57,0.363,0.602
MED,2081-2100,0.037,0.193,1.071,1.035,1.109,1.053
NEU,2021-2040,0.082,0.287,0.324,0.569,0.406,0.637
NEU,2041-2060,0.103,0.321,0.731,0.855,0.834,0.913
NEU,2081-2100,0.095,0.309,2.886,1.699,2.982,1.727
WCE,2021-2040,0.089,0.299,0.18,0.425,0.27,0.519
WCE,2041-2060,0.093,0.305,0.381,0.617,0.474,0.688
WCE,2081-2100,0.112,0.335,1.254,1.12,1.366,1.169
