model,region,period,Model forced response (°C),Multi-model mean (°C)
ACCESS-ESM1-5,MED,2021-2040,1.401,1.289
CanESM5,MED,2021-2040,1.723,1.289
CESM2(CMIP6),MED,2021-2040,0.955,1.289
E3SMv2,MED,2021-2040,1.548,1.289
MPI-ESM1-2-LR,MED,2021-2040,0.819,1.289
ACCESS-ESM1-5,MED,2041-2060,2.457,2.409
CanESM5,MED,2041-2060,3.113,2.409
CESM2(CMIP6),MED,2041-2060,1.94,2.409
E3SMv2,MED,2041-2060,2.788,2.409
MPI-ESM1-2-LR,MED,2041-2060,1.748,2.409
ACCESS-ESM1-5,MED,2081-2100,4.69,4.943
CanESM5,MED,2081-2100,6.217,4.943
CESM2(CMIP6),MED,2081-2100,4.195,4.943
E3SMv2,MED,2081-2100,5.806,4.943
MPI-ESM1-2-LR,MED,2081-2100,3.806,4.943
ACCESS-ESM1-5,NEU,2021-2040,0.649,0.983
CanESM5,NEU,2021-2040,1.535,0.983
CESM2(CMIP6),NEU,2021-2040,0.372,0.983
E3SMv2,NEU,2021-2040,1.643,0.983
MPI-ESM1-2-LR,NEU,2021-2040,0.717,0.983
ACCESS-ESM1-5,NEU,2041-2060,1.552,1.959
CanESM5,NEU,2041-2060,2.77,1.959
CESM2(CMIP6),NEU,2041-2060,1.095,1.959
E3SMv2,NEU,2041-2060,2.978,1.959
MPI-ESM1-2-LR,NEU,2041-2060,1.399,1.959
ACCESS-ESM1-5,NEU,2081-2100,3.776,4.022
CanESM5,NEU,2081-2100,5.429,4.022
CESM2(CMIP6),NEU,2081-2100,2.237,4.022
E3SMv2,NEU,2081-2100,6.084,4.022
MPI-ESM1-2-LR,NEU,2081-2100,2.585,4.022
ACCESS-ESM1-5,WCE,2021-2040,1.472,1.379
CanESM5,WCE,2021-2040,1.827,1.379
CESM2(CMIP6),WCE,2021-2040,1.002,1.379
E3SMv2,WCE,2021-2040,1.72,1.379
MPI-ESM1-2-LR,WCE,2021-2040,0.875,1.379
ACCESS-ESM1-5,WCE,2041-2060,2.649,2.606
CanESM5,WCE,2041-2060,3.317,2.606
CESM2(CMIP6),WCE,2041-2060,2.181,2.606
E3SMv2,WCE,2041-2060,3.064,2.606
MPI-ESM1-2-LR,WCE,2041-2060,1.816,2.606
ACCESS-ESM1-5,WCE,2081-2100,5.526,5.444
CanESM5,WCE,2081-2100,6.556,5.444
CESM2(CMIP6),WCE,2081-2100,4.749,5.444
E3SMv2,WCE,2081-2100,6.453,5.444
MPI-ESM1-2-LR,WCE,2081-2100,3.936,5.444
