region,period,Mean warming (°C),Total SD (°C),Internal contribution,Model contribution,Total SNR,P(ΔT > 2°C),P(ΔT > 3°C)
MED,2021-2040,1.289,0.422,0.158,0.842,3.054,0.008,0.0
MED,2041-2060,2.409,0.602,0.105,0.895,4.0,0.691,0.216
MED,2081-2100,4.943,1.053,0.034,0.966,4.694,1.0,1.0
NEU,2021-2040,0.983,0.637,0.202,0.798,1.543,0.029,0.0
NEU,2041-2060,1.959,0.913,0.123,0.877,2.145,0.432,0.138
NEU,2081-2100,4.022,1.727,0.032,0.968,2.329,0.948,0.606
WCE,2021-2040,1.379,0.519,0.331,0.669,2.656,0.084,0.0
WCE,2041-2060,2.606,0.688,0.197,0.803,3.785,0.77,0.341
WCE,2081-2100,5.444,1.169,0.082,0.918,4.657,1.0,1.0
