region,period_id,period,baseline_period,metric,estimate,ci_lower,ci_upper
MED,P1,2021-2040,1995-2014,exceedance_probability_2c,0.008,0.0,0.032
MED,P1,2021-2040,1995-2014,exceedance_probability_3c,0.0,0.0,0.0
MED,P1,2021-2040,1995-2014,internal_contribution,0.1577608526020292,0.1019251833128579,0.6392461560463418
MED,P1,2021-2040,1995-2014,internal_sd,0.1676753557625453,0.1401165339244797,0.1869437777562037
MED,P1,2021-2040,1995-2014,internal_snr,7.688460396827567,5.655397006375875,10.9004803733837
MED,P1,2021-2040,1995-2014,model_contribution,0.8422391473979703,0.3607538439536583,0.8980748166871421
MED,P1,2021-2040,1995-2014,total_sd,0.4221527416475925,0.1887410052972258,0.4877423498777338
MED,P1,2021-2040,1995-2014,total_snr,3.0537888425713,2.41604054974686,8.176396752415375
MED,P2,2041-2060,1995-2014,exceedance_probability_2c,0.6910000000000001,0.3572333333333334,1.0
MED,P2,2041-2060,1995-2014,exceedance_probability_3c,0.2156190476190476,0.0,0.5451428571428572
MED,P2,2041-2060,1995-2014,internal_contribution,0.1048719106466819,0.059674292193527,0.4445361152173757
MED,P2,2041-2060,1995-2014,internal_sd,0.1950405477800531,0.1644028772614008,0.2163109869931543
MED,P2,2041-2060,1995-2014,internal_snr,12.35322848106491,9.986979326249791,16.2026625431615
MED,P2,2041-2060,1995-2014,model_contribution,0.8951280893533178,0.5554638847826244,0.940325707806473
MED,P2,2041-2060,1995-2014,total_sd,0.6022756677440824,0.2924486341251786,0.7201616309205756
MED,P2,2041-2060,1995-2014,total_snr,4.00046121541613,3.27156214153436,9.13800181272972
MED,P3,2081-2100,1995-2014,exceedance_probability_2c,1.0,1.0,1.0
MED,P3,2081-2100,1995-2014,exceedance_probability_3c,1.0,1.0,1.0
MED,P3,2081-2100,1995-2014,internal_contribution,0.0335705382878853,0.0201594418267223,0.3273858745698774
MED,P3,2081-2100,1995-2014,internal_sd,0.1929150181534215,0.1600499824088356,0.2222757256252477
MED,P3,2081-2100,1995-2014,internal_snr,25.62123155302612,19.63769724511869,34.7187494699037
MED,P3,2081-2100,1995-2014,model_contribution,0.9664294617121144,0.6726141254301226,0.9798405581732776
MED,P3,2081-2100,1995-2014,total_sd,1.052899418050392,0.3436289129588478,1.245800310209815
MED,P3,2081-2100,1995-2014,total_snr,4.694389858546288,3.992938180003223,12.8522779725802
NEU,P1,2021-2040,1995-2014,exceedance_probability_2c,0.0285714285714285,0.0,0.0952380952380952
NEU,P1,2021-2040,1995-2014,exceedance_probability_3c,0.0,0.0,0.0
NEU,P1,2021-2040,1995-2014,internal_contribution,0.2021505195851156,0.115116892303576,0.8799339217793908
NEU,P1,2021-2040,1995-2014,internal_sd,0.2865817532973196,0.2130017645679354,0.3579318377517216
NEU,P1,2021-2040,1995-2014,internal_snr,3.43110656631045,1.720042070426129,6.107273422650991
NEU,P1,2021-2040,1995-2014,model_contribution,0.7978494804148843,0.1200660782206092,0.884883107696424
NEU,P1,2021-2040,1995-2014,total_sd,0.6373985987359315,0.316226103189442,0.7271544507645299
NEU,P1,2021-2040,1995-2014,total_snr,1.542665041111212,1.153329741206008,3.07337949737109
NEU,P2,2041-2060,1995-2014,exceedance_probability_2c,0.4316666666666666,0.036625,0.825
NEU,P2,2041-2060,1995-2014,exceedance_probability_3c,0.1382857142857143,0.0,0.3683809523809523
NEU,P2,2041-2060,1995-2014,internal_contribution,0.1232324625082314,0.0703247734257061,0.8231856512508418
NEU,P2,2041-2060,1995-2014,internal_sd,0.320543965455878,0.2232837897270103,0.3972841476061388
NEU,P2,2041-2060,1995-2014,internal_snr,6.110776959788482,3.565649780293685,10.60003317472922
NEU,P2,2041-2060,1995-2014,model_contribution,0.8767675374917684,0.1768143487491582,0.929675226574294
NEU,P2,2041-2060,1995-2014,total_sd,0.9131140848067136,0.3673212670166655,1.047429040671202
NEU,P2,2041-2060,1995-2014,total_snr,2.14515657057425,1.791955590484105,4.088067345639554
NEU,P3,2081-2100,1995-2014,exceedance_probability_2c,0.948,0.8320000000000001,1.0
NEU,P3,2081-2100,1995-2014,exceedance_probability_3c,0.6056666666666667,0.211975,0.995
NEU,P3,2081-2100,1995-2014,internal_contribution,0.0319757805276097,0.015656843468576,0.2272868200531465
NEU,P3,2081-2100,1995-2014,internal_sd,0.3087739821139613,0.2317221126724565,0.372463639390654
NEU,P3,2081-2100,1995-2014,internal_snr,13.02656910814947,8.275443459134296,21.12849849116744
NEU,P3,2081-2100,1995-2014,model_contribution,0.9680242194723904,0.7727131799468534,0.984343156531424
NEU,P3,2081-2100,1995-2014,total_sd,1.726752611621398,0.6869371376574381,2.029346658202096
NEU,P3,2081-2100,1995-2014,total_snr,2.32938151634192,1.861934322667092,5.606311976754605
WCE,P1,2021-2040,1995-2014,exceedance_probability_2c,0.084095238095238,0.016,0.1707392857142856
WCE,P1,2021-2040,1995-2014,exceedance_probability_3c,0.0,0.0,0.0
WCE,P1,2021-2040,1995-2014,internal_contribution,0.3311220123051628,0.1677309731386605,0.875061542763515
WCE,P1,2021-2040,1995-2014,internal_sd,0.2988215049867591,0.2099826134873084,0.3957133775420141
WCE,P1,2021-2040,1995-2014,internal_snr,4.615927443687872,3.194264357933174,7.420986251058303
WCE,P1,2021-2040,1995-2014,model_contribution,0.6688779876948364,0.1249384572364849,0.8322690268613394
WCE,P1,2021-2040,1995-2014,total_sd,0.519299401838547,0.3018830508745043,0.5643254390840566
WCE,P1,2021-2040,1995-2014,total_snr,2.656152463779146,2.230288817842128,5.596314094663716
WCE,P2,2041-2060,1995-2014,exceedance_probability_2c,0.77,0.4826416666666666,0.995
WCE,P2,2041-2060,1995-2014,exceedance_probability_3c,0.3407619047619047,0.058,0.6936940476190476
WCE,P2,2041-2060,1995-2014,internal_contribution,0.1967580659531469,0.0917426108801962,0.6896826461589831
WCE,P2,2041-2060,1995-2014,internal_sd,0.3053357614868327,0.2293284658297244,0.3619423602475585
WCE,P2,2041-2060,1995-2014,internal_snr,8.533340922122289,6.507807070196496,12.334462576388
WCE,P2,2041-2060,1995-2014,model_contribution,0.8032419340468531,0.3103173538410169,0.908257389119804
WCE,P2,2041-2060,1995-2014,total_sd,0.6883533021748223,0.3765153288414626,0.805096345210903
WCE,P2,2041-2060,1995-2014,total_snr,3.785169825220404,3.039506371644203,8.010287905889465
WCE,P3,2081-2100,1995-2014,exceedance_probability_2c,1.0,1.0,1.0
WCE,P3,2081-2100,1995-2014,exceedance_probability_3c,1.0,1.0,1.0
WCE,P3,2081-2100,1995-2014,internal_contribution,0.0822107240380426,0.0364009113305028,0.4461344578215667
WCE,P3,2081-2100,1995-2014,internal_sd,0.3351669707926991,0.2457217134913983,0.4236410954772542
WCE,P3,2081-2100,1995-2014,internal_snr,16.24199411231339,11.92056405449992,24.55323826483182
WCE,P3,2081-2100,1995-2014,model_contribution,0.9177892759619574,0.5538655421784334,0.9635990886694972
WCE,P3,2081-2100,1995-2014,total_sd,1.16895280585016,0.5149307847936472,1.426582766321656
WCE,P3,2081-2100,1995-2014,total_snr,4.656971555235509,3.736521893090317,12.00405341102097
