region,period_id,period,baseline_period,multimodel_mean_warming,quantile_05,quantile_50,quantile_95,prediction_range_90_width
MED,P1,2021-2040,1995-2014,1.289165332304303,0.6647717566319378,1.362640656394239,1.839175375246168,1.17440361861423
MED,P2,2041-2060,1995-2014,2.409380449799053,1.612741696893519,2.455157939345277,3.238532827244525,1.625791130351006
MED,P3,2081-2100,1995-2014,4.942720350165049,3.661411648029299,4.620025511232575,6.373153710067561,2.711742062038261
NEU,P1,2021-2040,1995-2014,0.9832925355231948,0.106312664511489,0.9279385921260483,1.864935790136821,1.758623125625332
NEU,P2,2041-2060,1995-2014,1.958772678707014,0.8162786708227383,1.676181677752591,3.18789148091283,2.371612810090092
NEU,P3,2081-2100,1995-2014,4.022265616806024,1.979206517733825,3.74981858889283,6.239074463491678,4.259867945757854
WCE,P1,2021-2040,1995-2014,1.379338385632493,0.6549625970342214,1.417146218990078,2.088840344191192,1.43387774715697
WCE,P2,2041-2060,1995-2014,2.60553414848296,1.635984072443886,2.722085234805802,3.499045973876611,1.863061901432725
WCE,P3,2081-2100,1995-2014,5.443779966256931,3.767545967137789,5.558122832551686,6.786822695797009,3.019276728659221
