,change_score_raw,change_score_smooth
1756-04-01,0.0,0.009936119
1756-07-01,0.1469264,0.03524865
1756-10-01,0.28245077,0.08176528
1757-01-01,0.28242564,0.14241622
1757-04-01,0.34153712,0.2088778
1757-07-01,0.3353553,0.2733608
1757-10-01,0.31623137,0.32965147
1758-01-01,0.2618377,0.37367538
1758-04-01,0.30243042,0.40325367
1758-07-01,0.2718854,0.41781643
1758-10-01,0.4061627,0.41807848
1759-01-01,0.33364314,0.4060549
1759-04-01,0.47116745,0.38509464
1759-07-01,0.24417238,0.35974595
1759-10-01,0.1874613,0.33517852
1760-01-01,0.14679775,0.31653115
1760-04-01,0.24419598,0.30800956
1760-07-01,0.40512657,0.31214055
1760-10-01,0.2549867,0.32972214
1761-01-01,0.14788641,0.36007118
1761-04-01,0.19591102,0.40157047
1761-07-01,0.45836994,0.45227778
1761-10-01,0.4119159,0.5104522
1762-01-01,0.3249247,0.5745539
1762-04-01,0.22262824,0.64283216
1762-07-01,0.3341936,0.7127438
1762-10-01,0.37175557,0.78044945
1763-01-01,0.37581334,0.84065384
1763-04-01,0.46559927,0.887234
1763-07-01,0.6626888,0.9142009
1763-10-01,0.35351092,0.9173504
1764-01-01,0.3659552,0.8952875
1764-04-01,0.7569139,0.85011995
1764-07-01,0.41925716,0.7871206
1764-10-01,0.18389001,0.7136709
1765-01-01,0.23661111,0.637834
1765-04-01,0.35053268,0.5667631
1765-07-01,0.23845118,0.5057285
1765-10-01,0.31103012,0.4576219
1766-01-01,0.45480245,0.4230097
1766-04-01,0.2641665,0.40039417
1766-07-01,0.08672931,0.38670254
1766-10-01,0.18021064,0.37787813
1767-01-01,0.333717,0.369613
1767-04-01,0.6683468,0.35811323
1767-07-01,0.25211355,0.3408109
1767-10-01,0.22125484,0.31677586
1768-01-01,0.17089836,0.2867455
1768-04-01,0.28518233,0.25260293
1768-07-01,0.3412661,0.21691689
1768-10-01,0.18572704,0.18242718
1769-01-01,0.29486915,0.15155187
1769-04-01,0.2238448,0.12632589
1769-07-01,0.20055726,0.10835948
1769-10-01,0.17040123,0.09891731
1770-01-01,0.18264529,0.09889085
1770-04-01,0.27089798,0.10907674
1770-07-01,0.26762816,0.13018447
1770-10-01,0.25919977,0.16277014
1771-01-01,0.20269424,0.20698452
1771-04-01,0.18030047,0.26208925
1771-07-01,0.23760842,0.3258424
1771-10-01,0.2798806,0.39421958
1772-01-01,0.35996145,0.4613472
1772-04-01,0.31796256,0.5203588
1772-07-01,0.40648627,0.5646573
1772-10-01,0.43758175,0.5894167
1773-01-01,0.44009405,0.5928787
1773-04-01,0.48070964,0.576923
1773-07-01,0.33117804,0.54676205
1773-10-01,0.34692487,0.50969267
1774-01-01,0.07665269,0.47329357
1774-04-01,0.23787868,0.44364694
1774-07-01,0.2903455,0.42414916
1774-10-01,0.30876145,0.41528296
1775-01-01,0.34660512,0.41521463
1775-04-01,0.35138687,0.42084807
1775-07-01,0.2721549,0.42888117
1775-10-01,0.32989374,0.4365076
1776-01-01,0.374427,0.44158927
1776-04-01,0.20723541,0.44260174
1776-07-01,0.25363234,0.43862146
1776-10-01,0.31076747,0.4294803
1777-01-01,0.4391569,0.41614825
1777-04-01,0.5267518,0.4008228
1777-07-01,0.22811267,0.38663775
1777-10-01,0.095577955,0.37675694
1778-01-01,0.12823182,0.37311772
1778-04-01,0.28942052,0.37551764
1778-07-01,0.33892202,0.38128325
1778-10-01,0.32936767,0.38611665
1779-01-01,0.4316786,0.38536966
1779-04-01,0.39800686,0.3756749
1779-07-01,0.25758505,0.35601467
1779-10-01,0.29246038,0.3280141
1780-01-01,0.25366053,0.295426
1780-04-01,0.22795355,0.26318014
1780-07-01,0.23293553,0.23630978
1780-10-01,0.21548416,0.2190111
1781-01-01,0.3163897,0.21414253
1781-04-01,0.21414806,0.22280557
1781-07-01,0.18308912,0.24422023
1781-10-01,0.21350324,0.2757637
1782-01-01,0.25843617,0.31309736
1782-04-01,0.32388246,0.3508862
1782-07-01,0.31413397,0.3836713
1782-10-01,0.47618598,0.40686437
1783-01-01,0.31711143,0.41765684
1783-04-01,0.30009475,0.41555908
1783-07-01,0.3022226,0.40244773
1783-10-01,0.3176337,0.3820657
1784-01-01,0.3039104,0.35912392
1784-04-01,0.26274058,0.3382181
1784-07-01,0.25912896,0.3227719
1784-10-01,0.17444299,0.31416067
1785-01-01,0.26302227,0.31137118
1785-04-01,0.24099317,0.31124744
1785-07-01,0.25514582,0.30939633
1785-10-01,0.49527645,0.30139926
1786-01-01,0.34168786,0.28418174
1786-04-01,0.23690726,0.25693965
1786-07-01,0.30133796,0.22143216
1786-10-01,0.24326491,0.18153204
1787-01-01,0.19420722,0.14224085
1787-04-01,0.19433284,0.10855605
1787-07-01,0.16860683,0.084372684
1787-10-01,0.20336418,0.07186108
1788-01-01,0.27054852,0.07125125
1788-04-01,0.13406493,0.080990665
1788-07-01,0.23215063,0.09823586
1788-10-01,0.26511434,0.11942578
1789-01-01,0.25823063,0.14093177
1789-04-01,0.2556239,0.15959594
1789-07-01,0.30403602,0.17324331
1789-10-01,0.2620539,0.18090358
1790-01-01,0.26784894,0.18288143
1790-04-01,0.2357493,0.1806635
1790-07-01,0.2752534,0.17643346
1790-10-01,0.25410435,0.17263913
1791-01-01,0.23152407,0.17140801
1791-04-01,0.18174694,0.17404869
1791-07-01,0.2224341,0.18074398
1791-10-01,0.2446954,0.19052629
1792-01-01,0.32471687,0.2015497
1792-04-01,0.24880569,0.21153021
1792-07-01,0.2730928,0.21823342
1792-10-01,0.28559494,0.21985331
1793-01-01,0.29819378,0.21531008
1793-04-01,0.24103504,0.20416923
1793-07-01,0.25526914,0.18659651
1793-10-01,0.2639229,0.16338338
1794-01-01,0.22437543,0.1359889
1794-04-01,0.28626415,0.10668208
1794-07-01,0.22752723,0.07875171
1794-10-01,0.2675155,0.056356788
1795-01-01,0.1660184,0.044115834
1795-04-01,0.16109124,0.04633732
1795-07-01,0.16232988,0.066034816
1795-10-01,0.10168057,0.10397353
1796-01-01,0.1979536,0.15820363
1796-04-01,0.3314445,0.22420749
1796-07-01,0.2665045,0.29566705
1796-10-01,0.21212527,0.36572194
1797-01-01,0.47285527,0.42824045
1797-04-01,0.5100206,0.47876468
1797-07-01,0.27416322,0.51490444
1797-10-01,0.28513283,0.53610533
1798-01-01,0.31645367,0.5431751
1798-04-01,0.23752771,0.5377633
1798-07-01,0.44420892,0.52212614
1798-10-01,0.52767986,0.4990942
1799-01-01,0.3157388,0.47201034
1799-04-01,0.16210073,0.44452447
1799-07-01,0.23981391,0.41994572
1799-10-01,0.27555257,0.40064478
1800-01-01,0.2559985,0.38744366
1800-04-01,0.35930902,0.37957907
1800-07-01,0.24718258,0.3751575
1800-10-01,0.33339572,0.37214822
1801-01-01,0.3416125,0.36938846
1801-04-01,0.28406322,0.36729902
1801-07-01,0.3289672,0.3681025
1801-10-01,0.30862746,0.3749919
1802-01-01,0.28467986,0.39093107
1802-04-01,0.134052,0.4172697
1802-07-01,0.15222813,0.45269397
1802-10-01,0.26864603,0.493138
1803-01-01,0.4236225,0.5328006
1803-04-01,0.6156143,0.5658918
1803-07-01,0.4107488,0.588348
1803-10-01,0.37022078,0.59912777
1804-01-01,0.23032883,0.6002435
1804-04-01,0.37361163,0.5957223
1804-07-01,0.28726602,0.5898769
1804-10-01,0.25673237,0.58571875
1805-01-01,0.32842287,0.5839184
1805-04-01,0.26306796,0.5829336
1805-07-01,0.5333036,0.57977456
1805-10-01,0.37350884,0.5713579
1806-01-01,0.3196755,0.5558318
1806-04-01,0.38228518,0.5333427
1806-07-01,0.32519573,0.506235
1806-10-01,0.31153563,0.47841752
1807-01-01,0.2249563,0.45425576
1807-04-01,0.38737983,0.43729773
1807-07-01,0.19833273,0.42915332
1807-10-01,0.20911661,0.42896506
1808-01-01,0.19101812,0.4336068
1808-04-01,0.37832105,0.4387995
1808-07-01,0.5012481,0.44059074
1808-10-01,0.4996783,0.43682137
1809-01-01,0.22604267,0.4277428
1809-04-01,0.25124565,0.41573873
1809-07-01,0.2200672,0.40408155
1809-10-01,0.21712324,0.39525223
1810-01-01,0.30964303,0.3897496
1810-04-01,0.20456019,0.3855998
1810-07-01,0.3018526,0.37911212
1810-10-01,0.5045377,0.36639678
1811-01-01,0.4149634,0.34495375
1811-04-01,0.27988365,0.3148541
1811-07-01,0.2165515,0.2788982
1811-10-01,0.20361693,0.2419937
1812-01-01,0.2475678,0.20969737
1812-04-01,0.20218493,0.18685132
1812-07-01,0.18855606,0.17643306
1812-10-01,0.23177606,0.17908356
1813-01-01,0.22171542,0.19324377
1813-04-01,0.26252744,0.21578425
1813-07-01,0.29410025,0.24285842
1813-10-01,0.27872798,0.270831
1814-01-01,0.3032595,0.29684702
1814-04-01,0.3413407,0.319129
1814-07-01,0.27039856,0.33699474
1814-10-01,0.26965782,0.35050508
1815-01-01,0.25437692,0.3602177
1815-04-01,0.33495793,0.36698145
1815-07-01,0.2845923,0.37186816
1815-10-01,0.32992265,0.37631074
1816-01-01,0.30978158,0.38224116
1816-04-01,0.28853664,0.39193672
1816-07-01,0.30057284,0.4076092
1816-10-01,0.25270355,0.4306633
1817-01-01,0.24959897,0.4610943
1817-04-01,0.22234045,0.49712235
1817-07-01,0.30108598,0.5354334
1817-10-01,0.4524348,0.5719618
1818-01-01,0.5100016,0.60295385
1818-04-01,0.3703365,0.62588245
1818-07-01,0.3534957,0.6399062
1818-10-01,0.28263196,0.6457027
1819-01-01,0.29603395,0.6448314
1819-04-01,0.37627086,0.6390238
1819-07-01,0.4341064,0.6297316
1819-10-01,0.33863807,0.61786366
1820-01-01,0.337388,0.6039752
1820-04-01,0.31956893,0.5884586
1820-07-01,0.4002763,0.57172304
1820-10-01,0.2800869,0.55422074
1821-01-01,0.32345232,0.53645456
1821-04-01,0.30237713,0.5190127
1821-07-01,0.35323608,0.50261146
1821-10-01,0.3636294,0.48807937
1822-01-01,0.33604127,0.47639152
1822-04-01,0.24848822,0.46851707
1822-07-01,0.22913967,0.46524125
1822-10-01,0.30674854,0.4669254
1823-01-01,0.3883406,0.4733573
1823-04-01,0.25746018,0.48361853
1823-07-01,0.47240686,0.49600607
1823-10-01,0.21652181,0.50807154
1824-01-01,0.2200672,0.5168242
1824-04-01,0.26147225,0.51921636
1824-07-01,0.49911112,0.5129202
1824-10-01,0.554646,0.49725887
1825-01-01,0.31708553,0.47375152
1825-04-01,0.20665531,0.44600946
1825-07-01,0.28416827,0.4190627
1825-10-01,0.21817765,0.3980371
1826-01-01,0.25309563,0.38684618
1826-04-01,0.21269853,0.38723305
1826-07-01,0.26151338,0.3987571
1826-10-01,0.38240546,0.4192159
1827-01-01,0.3768685,0.44556054
1827-04-01,0.36189973,0.47467694
1827-07-01,0.2506564,0.50390095
1827-10-01,0.23426782,0.53104305
1828-01-01,0.3264237,0.5544334
1828-04-01,0.482906,0.57279634
1828-07-01,0.30409768,0.5853566
1828-10-01,0.40754297,0.59196365
1829-01-01,0.46176916,0.5930624
1829-04-01,0.24901427,0.589494
1829-07-01,0.1618434,0.5821802
1829-10-01,0.31106666,0.5719824
1830-01-01,0.5845211,0.5597397
1830-04-01,0.30699447,0.54629
1830-07-01,0.36026445,0.5326705
1830-10-01,0.29131767,0.52002007
1831-01-01,0.26026407,0.5093152
1831-04-01,0.17375173,0.50101596
1831-07-01,0.3504124,0.49494383
1831-10-01,0.4520077,0.49044764
1832-01-01,0.36111253,0.48690745
1832-04-01,0.3770162,0.48422244
1832-07-01,0.18245724,0.48293552
1832-10-01,0.26762664,0.48422012
1833-01-01,0.33839446,0.4893214
1833-04-01,0.37827995,0.49911955
1833-07-01,0.28203052,0.51375765
1833-10-01,0.20181188,0.5324807
1834-01-01,0.4353458,0.55370826
1834-04-01,0.4112452,0.57532316
1834-07-01,0.30072206,0.594938
1834-10-01,0.268611,0.61011595
1835-01-01,0.3884624,0.6188315
1835-04-01,0.40294316,0.6197224
1835-07-01,0.48844907,0.61259407
1835-10-01,0.2814017,0.598617
1836-01-01,0.24530368,0.5804169
1836-04-01,0.50573826,0.5617453
1836-07-01,0.25871634,0.54687285
1836-10-01,0.25576705,0.539699
1837-01-01,0.31261668,0.542844
1837-04-01,0.23560847,0.55708706
1837-07-01,0.24615939,0.5810855
1837-10-01,0.45377773,0.61165744
1838-01-01,0.40588105,0.64433897
1838-04-01,0.4044262,0.67418057
1838-07-01,0.310785,0.6965988
1838-10-01,0.33813027,0.707965
1839-01-01,0.5278755,0.7061383
1839-04-01,0.3318145,0.6908523
1839-07-01,0.3934596,0.6639638
1839-10-01,0.45951188,0.62925714
1840-01-01,0.38866642,0.59197074
1840-04-01,0.16874082,0.5576671
1840-07-01,0.28932536,0.5308907
1840-10-01,0.2761091,0.51405203
1841-01-01,0.21987003,0.50660247
1841-04-01,0.2860959,0.50539374
1841-07-01,0.33450648,0.5057068
1841-10-01,0.5138721,0.50286424
1842-01-01,0.50798416,0.49369264
1842-04-01,0.3047174,0.4773839
1842-07-01,0.15844342,0.4554217
1842-10-01,0.18189768,0.43098044
1843-01-01,0.3177159,0.40794438
1843-04-01,0.36275697,0.39002064
1843-07-01,0.43692628,0.38011214
1843-10-01,0.21685907,0.37969992
1844-01-01,0.14153561,0.38851956
1844-04-01,0.25100738,0.40434703
1844-07-01,0.18725803,0.4231169
1844-10-01,0.36825204,0.4395971
1845-01-01,0.47199118,0.44864824
1845-04-01,0.57381487,0.446518
1845-07-01,0.29495746,0.43177614
1845-10-01,0.15557787,0.40567705
1846-01-01,0.20191085,0.37172234
1846-04-01,0.33439457,0.33487597
1846-07-01,0.33594,0.30056822
1846-10-01,0.29273218,0.27379608
1847-01-01,0.25442335,0.25839
1847-04-01,0.1461925,0.2563929
1847-07-01,0.17214309,0.26754248
1847-10-01,0.23095538,0.28908226
1848-01-01,0.21962336,0.31621888
1848-04-01,0.3699566,0.34307942
1848-07-01,0.47326255,0.36422604
1848-10-01,0.39633733,0.3762574
1849-01-01,0.21339208,0.3788236
1849-04-01,0.30151993,0.3748889
1849-07-01,0.31384543,0.36989358
1849-10-01,0.3317163,0.37026682
1850-01-01,0.19663654,0.38146865
1850-04-01,0.115317054,0.40639076
1850-07-01,0.1990179,0.44436747
1850-10-01,0.33991098,0.4912807
1851-01-01,0.41111806,0.5405539
1851-04-01,0.49218175,0.5847805
1851-07-01,0.44449288,0.61746657
1851-10-01,0.2826898,0.6343409
1852-01-01,0.33866245,0.6339899
1852-04-01,0.49074593,0.61776125
1852-07-01,0.37820914,0.58903974
1852-10-01,0.2631753,0.5523355
1853-01-01,0.28109413,0.51224345
1853-04-01,0.3648886,0.47269636
1853-07-01,0.26825395,0.43644637
1853-10-01,0.21691388,0.40506116
1854-01-01,0.2539871,0.3791331
1854-04-01,0.4282352,0.3587215
1854-07-01,0.31800595,0.34366995
1854-10-01,0.21511796,0.33393267
1855-01-01,0.23122868,0.3294114
1855-04-01,0.25766042,0.3296523
1855-07-01,0.27693892,0.3335274
1855-10-01,0.3109517,0.33916834
1856-01-01,0.25464487,0.34429145
1856-04-01,0.30940855,0.34676313
1856-07-01,0.33697462,0.3453053
1856-10-01,0.4228825,0.3399478
1857-01-01,0.26026484,0.33196858
1857-04-01,0.24784034,0.3234511
1857-07-01,0.16204515,0.31657
1857-10-01,0.15828659,0.3129923
1858-01-01,0.33169803,0.31351244
1858-04-01,0.5351939,0.3181359
1858-07-01,0.1977252,0.32640922
1858-10-01,0.19501649,0.3376544
1859-01-01,0.24386786,0.3509326
1859-04-01,0.30409998,0.36494467
1859-07-01,0.35264227,0.37788385
1859-10-01,0.25080943,0.38751256
1860-01-01,0.29773167,0.39154384
1860-04-01,0.3779701,0.38831154
1860-07-01,0.36275467,0.37739414
1860-10-01,0.32609254,0.35997528
1861-01-01,0.28478798,0.3386868
1861-04-01,0.26297814,0.3169727
1861-07-01,0.16721669,0.2980491
1861-10-01,0.23695979,0.2841115
1862-01-01,0.31260452,0.2756929
1862-04-01,0.20340605,0.27170458
1862-07-01,0.2763664,0.2700514
1862-10-01,0.37318453,0.26854405
1863-01-01,0.31461436,0.2656728
1863-04-01,0.265479,0.2612934
1863-07-01,0.21869229,0.25668785
1863-10-01,0.2752595,0.25409734
1864-01-01,0.25800377,0.25595245
1864-04-01,0.22896685,0.2640098
1864-07-01,0.23485553,0.27869233
1864-10-01,0.21410543,0.2988876
1865-01-01,0.28259465,0.32203525
1865-04-01,0.39958048,0.34478474
1865-07-01,0.25564295,0.3636726
1865-10-01,0.3575443,0.37592155
1866-01-01,0.3743973,0.37987956
1866-04-01,0.24656288,0.3752774
1866-07-01,0.22922036,0.3631799
1866-10-01,0.35568368,0.34568232
1867-01-01,0.37632263,0.3255396
1867-04-01,0.23283046,0.3056267
1867-07-01,0.22174284,0.2883306
1867-10-01,0.2290171,0.27498558
1868-01-01,0.2188042,0.2654622
1868-04-01,0.31092125,0.25818238
1868-07-01,0.19917625,0.25043425
1868-10-01,0.37885472,0.23925439
1869-01-01,0.2735412,0.2225041
1869-04-01,0.3677549,0.19981274
1869-07-01,0.20655482,0.17313118
1869-10-01,0.25013795,0.14669427
1870-01-01,0.24857728,0.12624793
1870-04-01,0.16249508,0.1178837
1870-07-01,0.13246162,0.12656502
1870-10-01,0.17382024,0.15471166
1871-01-01,0.22476749,0.20130646
1871-04-01,0.22620255,0.26162654
1871-07-01,0.26266217,0.32781455
1871-10-01,0.29527873,0.39032418
1872-01-01,0.2978999,0.43993554
1872-04-01,0.5880802,0.4697962
1872-07-01,0.56450945,0.47686213
1872-10-01,0.3484292,0.4623576
1873-01-01,0.18854387,0.43097293
1873-04-01,0.16267551,0.38943
1873-07-01,0.18184364,0.34463125
1873-10-01,0.28966945,0.3025263
1874-01-01,0.40602112,0.2674608
1874-04-01,0.33288717,0.24225152
1874-07-01,0.25036559,0.22845826
1874-10-01,0.07273045,0.22643416
1875-01-01,0.12281895,0.23523048
1875-04-01,0.28062972,0.25248072
1875-07-01,0.33114684,0.27454552
1875-10-01,0.37350884,0.29705778
1876-01-01,0.31528276,0.31579602
1876-04-01,0.30008182,0.3274997
1876-07-01,0.26988086,0.3303739
1876-10-01,0.2928106,0.32435212
1877-01-01,0.28021556,0.31076604
1877-04-01,0.37111455,0.29194257
1877-07-01,0.21328169,0.27079007
1877-10-01,0.22701867,0.25034913
1878-01-01,0.31813842,0.2335099
1878-04-01,0.18515378,0.22265497
1878-07-01,0.23740743,0.21934587
1878-10-01,0.27337068,0.22406861
1879-01-01,0.24550314,0.23615153
1879-04-01,0.22031614,0.25394034
1879-07-01,0.22916555,0.2752463
1879-10-01,0.25806618,0.29798046
1880-01-01,0.4092521,0.3206983
1880-04-01,0.4814481,0.3428426
1880-07-01,0.20409885,0.36438987
1880-10-01,0.1291195,0.38515753
1881-01-01,0.17499419,0.40408662
1881-04-01,0.29126057,0.4189668
1881-07-01,0.5205015,0.42687073
1881-10-01,0.36814624,0.42533866
1882-01-01,0.36726007,0.41368285
1882-04-01,0.37096,0.3940439
1882-07-01,0.27580306,0.3714524
1882-10-01,0.22543973,0.35284197
1883-01-01,0.13152294,0.34539327
1883-04-01,0.24809843,0.35471234
1883-07-01,0.2801425,0.38333791
1883-10-01,0.23061126,0.43009526
1884-01-01,0.20595643,0.4903205
1884-04-01,0.38878748,0.55686617
1884-07-01,0.49909133,0.6215665
1884-10-01,0.40507862,0.67669016
1885-01-01,0.3492689,0.7161311
1885-04-01,0.4202339,0.7361818
1885-07-01,0.47958747,0.735648
1885-10-01,0.46935782,0.715647
1886-01-01,0.30197364,0.6790812
1886-04-01,0.2771658,0.6300336
1886-07-01,0.35032865,0.57330316
1886-10-01,0.47563934,0.5139235
1887-01-01,0.29651055,0.45686343
1887-04-01,0.2104367,0.4067105
1887-07-01,0.16824903,0.36733693
1887-10-01,0.26293397,0.34168324
1888-01-01,0.30653158,0.33144805
1888-04-01,0.29960677,0.33694357
1888-07-01,0.3072982,0.35693014
1888-10-01,0.16136608,0.38868204
1889-01-01,0.17659596,0.4280717
1889-04-01,0.41418764,0.46992472
1889-07-01,0.388907,0.50876015
1889-10-01,0.43789846,0.53990406
1890-01-01,0.2979806,0.5605023
1890-04-01,0.33163407,0.5702825
1890-07-01,0.50717103,0.5716921
1890-10-01,0.36690226,0.5692161
1891-01-01,0.27424696,0.5679267
1891-04-01,0.20019107,0.571757
1891-07-01,0.1416795,0.58194286
1891-10-01,0.32674268,0.5965197
1892-01-01,0.43834764,0.6107586
1892-04-01,0.57206464,0.6187542
1892-07-01,0.35576817,0.6154893
1892-10-01,0.30414793,0.59866834
1893-01-01,0.43901452,0.5696942
1893-04-01,0.49263775,0.5333977
1893-07-01,0.19066639,0.49664992
1893-10-01,0.16789806,0.46623325
1894-01-01,0.23735414,0.44670367
1894-04-01,0.19157386,0.43900153
1894-07-01,0.25546023,0.4401598
1894-10-01,0.39613938,0.44433433
1895-01-01,0.45644078,0.44464302
1895-04-01,0.4622328,0.43516135
1895-07-01,0.21860169,0.4126359
1895-10-01,0.32088292,0.37724435
1896-01-01,0.3427948,0.33240905
1896-04-01,0.25187147,0.28378096
1896-07-01,0.2403141,0.23766409
1896-10-01,0.24133804,0.19946967
1897-01-01,0.141107,0.1722681
1897-04-01,0.117776066,0.15620375
1897-07-01,0.250546,0.14857227
1897-10-01,0.24789593,0.1447632
1898-01-01,0.3568675,0.13965829
1898-04-01,0.36973962,0.12926832
1898-07-01,0.26364046,0.11183222
1898-10-01,0.20534281,0.088212915
1899-01-01,0.20017813,0.061471254
1899-04-01,0.16110495,0.035803918
1899-07-01,0.2011465,0.015295788
1899-10-01,0.15697259,0.0029300835
1900-01-01,0.2040798,0.0
1900-04-01,0.23011033,0.006170302
1900-07-01,0.15055859,0.019783435
1900-10-01,0.28436393,0.03836173
1901-01-01,0.20270565,0.059207276
1901-04-01,0.2584712,0.07988804
1901-07-01,0.19580747,0.098629616
1901-10-01,0.22941983,0.11464955
1902-01-01,0.30461994,0.12824257
1902-04-01,0.38386944,0.14056516
1902-07-01,0.1965132,0.15317586
1902-10-01,0.085446514,0.16737953
1903-01-01,0.16344215,0.18363334
1903-04-01,0.28637147,0.20127359
1903-07-01,0.3615914,0.2186241
1903-10-01,0.36155486,0.23356842
1904-01-01,0.27000648,0.24421327
1904-04-01,0.19059482,0.24945727
1904-07-01,0.24434824,0.24939533
1904-10-01,0.27753884,0.2454103
1905-01-01,0.3513625,0.24000876
1905-04-01,0.34576464,0.23643433
1905-07-01,0.19382885,0.237923
1905-10-01,0.16628486,0.2468234
1906-01-01,0.15993254,0.26390028
1906-04-01,0.25304234,0.2879646
1906-07-01,0.28255886,0.31617033
1906-10-01,0.31814072,0.34497175
1907-01-01,0.41289723,0.37133685
1907-04-01,0.49350718,0.39373368
1907-07-01,0.22139263,0.412524
1907-10-01,0.15927096,0.4294409
1908-01-01,0.24470225,0.44643167
1908-04-01,0.34098744,0.46439618
1908-07-01,0.3712653,0.48243952
1908-10-01,0.27281797,0.4979651
1909-01-01,0.26398456,0.5075724
1909-04-01,0.3717038,0.508343
1909-07-01,0.64733326,0.4989676
1909-10-01,0.35737833,0.48018244
1910-01-01,0.2211041,0.45427215
1910-04-01,0.15257604,0.42396677
1910-07-01,0.14122348,0.3912923
1910-10-01,0.2418032,0.3569634
1911-01-01,0.53291,0.3206837
1911-04-01,0.44318572,0.28217387
1911-07-01,0.2344688,0.2422773
1911-10-01,0.170823,0.20350708
1912-01-01,0.24224629,0.16964112
1912-04-01,0.1954961,0.14458682
1912-07-01,0.1059492,0.13098869
1912-10-01,0.13804199,0.12918368
1913-01-01,0.25345877,0.13702764
1913-04-01,0.3738659,0.15049016
1913-07-01,0.32080147,0.16483746
1913-10-01,0.24993241,0.17590964
1914-01-01,0.23177987,0.18106918
1914-04-01,0.176497,0.17962225
1914-07-01,0.32311964,0.17293064
1914-10-01,0.35776204,0.16400406
1915-01-01,0.25472483,0.1568344
1915-04-01,0.18149115,0.15546043
1915-07-01,0.14398777,0.1631154
1915-10-01,0.09990521,0.18136767
1916-01-01,0.2675627,0.20978658
1916-04-01,0.33731645,0.24616262
1916-07-01,0.36501345,0.2870891
1916-10-01,0.24902646,0.3288607
1917-01-01,0.2746413,0.36818734
1917-04-01,0.3186736,0.40265578
1917-07-01,0.28878328,0.4307675
1917-10-01,0.41723666,0.45176595
1918-01-01,0.32818156,0.46536484
1918-04-01,0.24079143,0.47161105
1918-07-01,0.28831053,0.47097358
1918-10-01,0.34570906,0.46453422
1919-01-01,0.47971538,0.45432234
1919-04-01,0.32102376,0.4432752
1919-07-01,0.23731303,0.43484133
1919-10-01,0.20358953,0.43225616
1920-01-01,0.21423866,0.4376026
1920-04-01,0.39020503,0.45094422
1920-07-01,0.24314386,0.47005868
1920-10-01,0.28591165,0.49068132
1921-01-01,0.3644204,0.507444
1921-04-01,0.46325293,0.5151315
1921-07-01,0.3890014,0.5101543
1921-10-01,0.29072616,0.4916051
1922-01-01,0.32990134,0.4617724
1922-04-01,0.38839006,0.42591038
1922-07-01,0.41120028,0.39110145
1922-10-01,0.15717661,0.36457062
1923-01-01,0.07958447,0.35179594
1923-04-01,0.16954933,0.35495213
1923-07-01,0.23083128,0.372316
1923-10-01,0.3180174,0.3987976
1924-01-01,0.48821154,0.42756644
1924-04-01,0.40184155,0.4521246
1924-07-01,0.34527892,0.46808547
1924-10-01,0.31297755,0.4741823
1925-01-01,0.36519083,0.47208536
1925-04-01,0.23382321,0.46544737
1925-07-01,0.26970348,0.4584959
1925-10-01,0.28369778,0.45459366
1926-01-01,0.3161849,0.45536917
1926-04-01,0.32202107,0.46043363
1926-07-01,0.2825703,0.46781236
1926-10-01,0.2711865,0.47481048
1927-01-01,0.3539205,0.47902414
1927-04-01,0.4506153,0.47914827
1927-07-01,0.4060272,0.47536513
1927-10-01,0.30659628,0.46904784
1928-01-01,0.16834342,0.46194223
1928-04-01,0.20211108,0.45517996
1928-07-01,0.29042238,0.44855833
1928-10-01,0.39233896,0.44039607
1929-01-01,0.43232647,0.42817783
1929-04-01,0.25964665,0.40969265
1929-07-01,0.3561161,0.38423645
1929-10-01,0.2760969,0.35332417
1930-01-01,0.35766155,0.3207336
1930-04-01,0.30810064,0.2916846
1930-07-01,0.15703349,0.27154896
1930-10-01,0.12994932,0.26435685
1931-01-01,0.14205407,0.27168453
1931-04-01,0.26670545,0.29224783
1931-07-01,0.40015754,0.32232663
1931-10-01,0.35283792,0.3567495
1932-01-01,0.26363817,0.39017767
1932-04-01,0.2873962,0.4182287
1932-07-01,0.3511783,0.4380836
1932-10-01,0.4177924,0.44869202
1933-01-01,0.3294339,0.450495
1933-04-01,0.23102161,0.4449273
1933-07-01,0.23724832,0.43394276
1933-10-01,0.36687258,0.41949826
1934-01-01,0.43360776,0.40327427
1934-04-01,0.26302227,0.38634828
1934-07-01,0.20425111,0.3690181
1934-10-01,0.20841849,0.3508135
1935-01-01,0.2763862,0.3308556
1935-04-01,0.3407271,0.30854443
1935-07-01,0.45154408,0.284267
1935-10-01,0.3112692,0.25995874
1936-01-01,0.16953714,0.2389832
1936-04-01,0.21989591,0.2253865
1936-07-01,0.15648763,0.222627
1936-10-01,0.15270928,0.2323107
1937-01-01,0.2590711,0.2534479
1937-04-01,0.27123827,0.28249636
1937-07-01,0.3689456,0.31425413
1937-10-01,0.33338812,0.3434978
1938-01-01,0.23793654,0.3665868
1938-04-01,0.39773357,0.3825744
1938-07-01,0.43805757,0.39357272
1938-10-01,0.30893502,0.40395647
1939-01-01,0.16938412,0.41887733
1939-04-01,0.18108842,0.44236356
1939-07-01,0.1497204,0.47579047
1939-10-01,0.33920297,0.51729506
1940-01-01,0.3831759,0.56227565
1940-04-01,0.48743653,0.604805
1940-07-01,0.48626107,0.6393936
1940-10-01,0.319795,0.6623578
1941-01-01,0.3687446,0.6724087
1941-04-01,0.45496994,0.6703074
1941-07-01,0.1971763,0.6582666
1941-10-01,0.2564682,0.63909775
1942-01-01,0.54525757,0.6157868
1942-04-01,0.41753358,0.5913286
1942-07-01,0.33734995,0.56872827
1942-10-01,0.21575442,0.55098337
1943-01-01,0.24444492,0.54068595
1943-04-01,0.3180958,0.53951746
1943-07-01,0.30125117,0.547658
1943-10-01,0.4168484,0.56349957
1944-01-01,0.3305119,0.58375186
1944-04-01,0.23120585,0.60403156
1944-07-01,0.32004246,0.6198797
1944-10-01,0.37034944,0.6279941
1945-01-01,0.7026908,0.6272567
1945-04-01,0.3966822,0.61912525
1945-07-01,0.26019403,0.60722166
1945-10-01,0.17055883,0.596075
1946-01-01,0.22044405,0.58937466
1946-04-01,0.33682314,0.5885875
1946-07-01,0.3626481,0.59237653
1946-10-01,0.40303528,0.5970848
1947-01-01,0.3224558,0.5981692
1947-04-01,0.44680116,0.59203714
1947-07-01,0.4561096,0.5776393
1947-10-01,0.30711627,0.5572097
1948-01-01,0.36410674,0.53589076
1948-04-01,0.26717138,0.5203847
1948-07-01,0.23880519,0.5167726
1948-10-01,0.20605463,0.5283666
1949-01-01,0.24339966,0.55418825
1949-04-01,0.30064747,0.5885259
1949-07-01,0.30421036,0.6221165
1949-10-01,0.4136981,0.64435154
1950-01-01,0.6307422,0.6463927
1950-04-01,0.63785505,0.62379545
1950-07-01,0.34121355,0.57798743
1950-10-01,0.30253702,0.5158615
1951-01-01,0.21181466,0.4478625
1951-04-01,0.16662821,0.3851252
1951-07-01,0.17357358,0.33662832
1951-10-01,0.18037584,0.30747208
1952-01-01,0.19982107,0.29848656
1952-04-01,0.38140664,0.30717906
1952-07-01,0.39929423,0.32933447
1952-10-01,0.2819247,0.3604489
1953-01-01,0.25416982,0.3964517
1953-04-01,0.24166845,0.43357787
1953-07-01,0.3128253,0.46778494
1953-10-01,0.27902642,0.49443322
1954-01-01,0.30547643,0.50861347
1954-04-01,0.3504695,0.5062744
1954-07-01,0.651388,0.48577142
1954-10-01,0.51058173,0.44900483
1955-01-01,0.25620937,0.40156543
1955-04-01,0.12758395,0.35172665
1955-07-01,0.05899728,0.3084728
1955-10-01,0.16340637,0.27940047
1956-01-01,0.27367294,0.26916745
1956-04-01,0.42510778,0.27892208
1956-07-01,0.25790328,0.30652034
1956-10-01,0.16274023,0.34733143
1957-01-01,0.2050048,0.3952371
1957-04-01,0.3867936,0.4435213
1957-07-01,0.34922782,0.4859328
1957-10-01,0.35110822,0.51772016
1958-01-01,0.46539372,0.5366304
1958-04-01,0.44467407,0.5434553
1958-07-01,0.3625339,0.5419741
1958-10-01,0.24377118,0.53791255
1959-01-01,0.24290937,0.5373718
1959-04-01,0.23402038,0.54483813
1959-07-01,0.2811733,0.56171036
1959-10-01,0.3254736,0.58589077
1960-01-01,0.27898377,0.6124751
1960-04-01,0.45636314,0.63537556
1960-07-01,0.5625514,0.64932734
1960-10-01,0.375135,0.6514423
1961-01-01,0.44934237,0.6417965
1961-04-01,0.32544315,0.6229721
1961-07-01,0.19887249,0.59876096
1961-10-01,0.19208698,0.5726789
1962-01-01,0.36319926,0.5468903
1962-04-01,0.41911098,0.5219451
1962-07-01,0.4740368,0.497256
1962-10-01,0.25794742,0.4718484
1963-01-01,0.19977236,0.44510722
1963-04-01,0.36206797,0.4171802
1963-07-01,0.31102327,0.3889524
1963-10-01,0.25939238,0.36183676
1964-01-01,0.32182693,0.33745703
1964-04-01,0.2259635,0.31738412
1964-07-01,0.29727793,0.30300578
1964-10-01,0.26079622,0.2955005
1965-01-01,0.23421451,0.29566595
1965-04-01,0.24798271,0.30379957
1965-07-01,0.31297144,0.3196467
1965-10-01,0.26738378,0.34225208
1966-01-01,0.26083735,0.36998677
1966-04-01,0.24871661,0.40064818
1966-07-01,0.34568167,0.4316797
1966-10-01,0.38359767,0.46036872
1967-01-01,0.3216762,0.48410526
1967-04-01,0.36638075,0.50060534
1967-07-01,0.23883869,0.50809497
1967-10-01,0.32066366,0.50551254
1968-01-01,0.47642958,0.49270242
1968-04-01,0.3705215,0.47054473
1968-07-01,0.23559628,0.44104525
1968-10-01,0.33245322,0.4071784
1969-01-01,0.2725363,0.3725737
1969-04-01,0.26707852,0.3409664
1969-07-01,0.2716943,0.3156525
1969-10-01,0.23812002,0.29899088
1970-01-01,0.230644,0.29214677
1970-04-01,0.22849104,0.29507843
1970-07-01,0.29777506,0.30677488
1970-10-01,0.3465389,0.3256202
1971-01-01,0.2043257,0.34981292
1971-04-01,0.30572993,0.37770283
1971-07-01,0.36664873,0.40792677
1971-10-01,0.23394197,0.4392858
1972-01-01,0.3431602,0.47044376
1972-04-01,0.36671117,0.4995206
1972-07-01,0.27938423,0.5239125
1972-10-01,0.28420177,0.5403486
1973-01-01,0.32965925,0.54548323
1973-04-01,0.4062678,0.53695273
1973-07-01,0.523313,0.5143548
1973-10-01,0.4677157,0.4799032
1974-01-01,0.24656592,0.43823788
1974-04-01,0.1334498,0.39544183
1974-07-01,0.1768944,0.35755053
1974-10-01,0.2980933,0.32896942
1975-01-01,0.26277256,0.31151113
1975-04-01,0.21796905,0.30425683
1975-07-01,0.33486277,0.30431154
1975-10-01,0.25606397,0.30816984
1976-01-01,0.37957722,0.31309476
1976-04-01,0.27265885,0.31799403
1976-07-01,0.29826382,0.32369733
1976-10-01,0.36359364,0.33240783
1977-01-01,0.20861033,0.34659314
1977-04-01,0.09138012,0.36791956
1977-07-01,0.16894715,0.39635226
1977-10-01,0.45189655,0.4299913
1978-01-01,0.5092525,0.46546754
1978-04-01,0.30160365,0.49867293
1978-07-01,0.2393853,0.5256636
1978-10-01,0.24925789,0.5434116
1979-01-01,0.42630225,0.5502942
1979-04-01,0.4722881,0.546298
1979-07-01,0.4309858,0.5329021
1979-10-01,0.25572595,0.51259404
1980-01-01,0.25825346,0.48815686
1980-04-01,0.27126265,0.46186447
1980-07-01,0.22618276,0.4350319
1980-10-01,0.3368414,0.40785107
1981-01-01,0.29518816,0.38003018
1981-04-01,0.4682151,0.35166255
1981-07-01,0.33600092,0.32379648
1981-10-01,0.20818476,0.2986516
1982-01-01,0.20138556,0.27911958
1982-04-01,0.12788238,0.26802582
1982-07-01,0.2055499,0.26726475
1982-10-01,0.33588216,0.27747813
1983-01-01,0.35899153,0.29821414
1983-04-01,0.24550848,0.3284287
1983-07-01,0.29786566,0.36691418
1983-10-01,0.33291307,0.41236934
1984-01-01,0.17344873,0.4633005
1984-04-01,0.16979827,0.51745415
1984-07-01,0.51568395,0.5720997
1984-10-01,0.46638647,0.62408274
1985-01-01,0.2674759,0.6704971
1985-04-01,0.40650758,0.70942026
1985-07-01,0.42919978,0.74024564
1985-10-01,0.4867148,0.7639834
1986-01-01,0.27015492,0.7828608
1986-04-01,0.33119252,0.799771
1986-07-01,0.37212786,0.81756145
1986-10-01,0.5346237,0.8383564
1987-01-01,0.39144215,0.8630852
1987-04-01,0.27843946,0.8912489
1987-07-01,0.27185038,0.92102826
1987-10-01,0.31829754,0.9497226
1988-01-01,0.9999999,0.9742848
1988-04-01,0.2967298,0.9918607
1988-07-01,0.3781703,0.99999994
1988-10-01,0.2800009,0.99677473
1989-01-01,0.34532994,0.9808776
1989-04-01,0.71959627,0.9518838
1989-07-01,0.49442226,0.9107254
1989-10-01,0.39612415,0.8603569
1990-01-01,0.3809057,0.8058711
1990-04-01,0.3992569,0.75415355
1990-07-01,0.27466643,0.712675
1990-10-01,0.22302334,0.68795735
1991-01-01,0.29378203,0.6838509
1991-04-01,0.33706218,0.700393
1991-07-01,0.2797527,0.73344237
1991-10-01,0.42106906,0.7754139
1992-01-01,0.34652442,0.8169256
1992-04-01,0.4528147,0.8489232
1992-07-01,0.5859828,0.86491215
1992-10-01,0.66194576,0.8622187
1993-01-01,0.3793511,0.8426557
1993-04-01,0.3102574,0.81155556
1993-07-01,0.22350602,0.7761235
1993-10-01,0.35889485,0.7434306
1994-01-01,0.34927502,0.718656
1994-04-01,0.3386122,0.7042519
1994-07-01,0.313598,0.7001337
1994-10-01,0.40698949,0.7043681
1995-01-01,0.45414394,0.71398985
1995-04-01,0.39418587,0.7256664
1995-07-01,0.3174997,0.7361654
1995-10-01,0.23285255,0.7426123
1996-01-01,0.32655922,0.74281895
1996-04-01,0.62276673,0.7358008
1996-07-01,0.5032054,0.7221876
1996-10-01,0.4193272,0.7043149
1997-01-01,0.32054797,0.6857218
1997-04-01,0.10100529,0.6701842
1997-07-01,0.17767702,0.66058946
1997-10-01,0.37312973,0.6582879
1998-01-01,0.72501373,0.66297984
1998-04-01,0.37326676,0.6731622
1998-07-01,0.13331734,0.6868112
1998-10-01,0.24604215,0.70190775
1999-01-01,0.5117381,0.7167185
1999-04-01,0.44643953,0.7297615
1999-07-01,0.35584658,0.73972374
1999-10-01,0.34851524,0.74530894
2000-01-01,0.4085867,0.7452878
2000-04-01,0.3386792,0.7386191
2000-07-01,0.40380952,0.724719
2000-10-01,0.41595766,0.70373374
2001-01-01,0.39579603,0.6767957
2001-04-01,0.3657938,0.64619637
2001-07-01,0.35340053,0.61525095
2001-10-01,0.29044294,0.58780795
2002-01-01,0.35784426,0.56758416
2002-04-01,0.22702324,0.55727774
2002-07-01,0.27895027,0.55806226
2002-10-01,0.2720841,0.5691476
2003-01-01,0.40073538,0.5881591
2003-04-01,0.3410324,0.61168265
2003-07-01,0.44224244,0.6360578
2003-10-01,0.3783774,0.65797114
2004-01-01,0.3019135,0.6749563
2004-04-01,0.28795803,0.6856095
2004-07-01,0.488226,0.68967205
2004-10-01,0.4158412,0.6878388
2005-01-01,0.38847762,0.68153924
2005-04-01,0.34624198,0.6725113
2005-07-01,0.28287938,0.6622814
2005-10-01,0.2638049,0.6517364
2006-01-01,0.42520446,0.64083976
2006-04-01,0.34031293,0.6286388
2006-07-01,0.45451546,0.61363584
2006-10-01,0.3036805,0.5943162
2007-01-01,0.365522,0.56971127
2007-04-01,0.2808627,0.5398976
2007-07-01,0.33028123,0.5063394
2007-10-01,0.4016048,0.47174856
2008-01-01,0.41239476,0.4397833
2008-04-01,0.19644241,0.4142495
2008-07-01,0.1647828,0.398221
2008-10-01,0.1839395,0.39322364
2009-01-01,0.2653336,0.39883772
2009-04-01,0.40623122,0.41272318
2009-07-01,0.35855076,0.43119106
2009-10-01,0.34285188,0.44995344
2010-01-01,0.3179702,0.46482328
2010-04-01,0.25582337,0.47231713
2010-07-01,0.19545652,0.47020736
2010-10-01,0.491779,0.4578789
2011-01-01,0.4840472,0.43664348
2011-04-01,0.31485492,0.40957394
2011-07-01,0.29977044,0.38103744
2011-10-01,0.14201371,0.3555544
2012-01-01,0.12808718,0.3367192
2012-04-01,0.1955494,0.32629558
2012-07-01,0.3424301,0.32400522
2012-10-01,0.44297332,0.32796118
2013-01-01,0.38246027,0.33550495
2013-04-01,0.23195802,0.34385931
2013-07-01,0.123594716,0.3504958
2013-10-01,0.24940939,0.35324028
2014-01-01,0.3786332,0.35027167
2014-04-01,0.3612808,0.34042373
2014-07-01,0.32049847,0.32356322
2014-10-01,0.36474547,0.30096546
2015-01-01,0.33852386,0.27526635
2015-04-01,0.14326149,0.24997468
2015-07-01,0.15651809,0.22853969
2015-10-01,0.10586622,0.21355526
2016-01-01,0.30219215,0.20632906
2016-04-01,0.43965173,0.2067829
2016-07-01,0.32163358,0.21374093
2016-10-01,0.15892456,0.22508053
2017-01-01,0.15609556,0.23784074
2017-04-01,0.20080848,0.2483309
2017-07-01,0.25899804,0.2526106
2017-10-01,0.38601404,0.24750492
2018-01-01,0.39996874,0.23187731
2018-04-01,0.45456722,0.20764695
2018-07-01,0.27432156,0.17985894
2018-10-01,0.10160749,0.15549351
2019-01-01,0.077359945,0.14124456
